{
  "sensor_types": [
    "radar"
  ],
  "sensors": {
    "IRIS_3D_Drone_Radar_Robin_Radar_Systems": {
      "possible_locs": [
        {
          "coverage_metrics": {
            "fixed_wing_alt_2_6_speed_171": {
              "target_detection": {
                "Pd": {
                  "@file": "IRIS_3D_Drone_Radar_Robin_Radar_Systems_loc1_fixed_wing_alt_2_6_speed_171_detection.json"
                },
                "Pfa": "tbd"
              },
              "foe_or_friend": {
                "Pd": {
                  "@file": "IRIS_3D_Drone_Radar_Robin_Radar_Systems_loc1_fixed_wing_alt_2_6_speed_171_detection.json"
                }
              }
            },
            "fixed_wing_alt_2_2_speed_161": {
              "target_detection": {
                "Pd": {
                  "@file": "IRIS_3D_Drone_Radar_Robin_Radar_Systems_loc1_fixed_wing_alt_2_2_speed_161_detection.json"
                },
                "Pfa": "tbd"
              },
              "foe_or_friend": {
                "Pd": {
                  "@file": "IRIS_3D_Drone_Radar_Robin_Radar_Systems_loc1_fixed_wing_alt_2_2_speed_161_detection.json"
                }
              }
            }
          },
          "long": -77.02549,
          "lat": 38.899984
        },
        {
          "coverage_metrics": {
            "fixed_wing_alt_2_6_speed_171": {
              "target_detection": {
                "Pd": {
                  "@file": "IRIS_3D_Drone_Radar_Robin_Radar_Systems_loc2_fixed_wing_alt_2_6_speed_171_detection.json"
                },
                "Pfa": "tbd"
              },
              "foe_or_friend": {
                "Pd": {
                  "@file": "IRIS_3D_Drone_Radar_Robin_Radar_Systems_loc2_fixed_wing_alt_2_6_speed_171_detection.json"
                }
              }
            },
            "fixed_wing_alt_2_2_speed_161": {
              "target_detection": {
                "Pd": {
                  "@file": "IRIS_3D_Drone_Radar_Robin_Radar_Systems_loc2_fixed_wing_alt_2_2_speed_161_detection.json"
                },
                "Pfa": "tbd"
              },
              "foe_or_friend": {
                "Pd": {
                  "@file": "IRIS_3D_Drone_Radar_Robin_Radar_Systems_loc2_fixed_wing_alt_2_2_speed_161_detection.json"
                }
              }
            }
          },
          "long": -77.009954,
          "lat": 38.902322
        }
      ],
      "optional_params": "Sensor parameters for detection model",
      "ppu": 75000,
      "model": "IRIS 3D Drone Radar",
      "detection_period": 0.01,
      "type": "radar",
      "make": "Robin Radar Systems"
    },
    "TRadar_ER_Tron_Future": {
      "possible_locs": [
        {
          "coverage_metrics": {
            "fixed_wing_alt_2_6_speed_171": {
              "target_detection": {
                "Pd": {
                  "@file": "TRadar_ER_Tron_Future_loc1_fixed_wing_alt_2_6_speed_171_detection.json"
                },
                "Pfa": "tbd"
              },
              "foe_or_friend": {
                "Pd": {
                  "@file": "TRadar_ER_Tron_Future_loc1_fixed_wing_alt_2_6_speed_171_detection.json"
                }
              }
            },
            "fixed_wing_alt_2_2_speed_161": {
              "target_detection": {
                "Pd": {
                  "@file": "TRadar_ER_Tron_Future_loc1_fixed_wing_alt_2_2_speed_161_detection.json"
                },
                "Pfa": "tbd"
              },
              "foe_or_friend": {
                "Pd": {
                  "@file": "TRadar_ER_Tron_Future_loc1_fixed_wing_alt_2_2_speed_161_detection.json"
                }
              }
            }
          },
          "long": -77.02549,
          "lat": 38.899984
        },
        {
          "coverage_metrics": {
            "fixed_wing_alt_2_6_speed_171": {
              "target_detection": {
                "Pd": {
                  "@file": "TRadar_ER_Tron_Future_loc2_fixed_wing_alt_2_6_speed_171_detection.json"
                },
                "Pfa": "tbd"
              },
              "foe_or_friend": {
                "Pd": {
                  "@file": "TRadar_ER_Tron_Future_loc2_fixed_wing_alt_2_6_speed_171_detection.json"
                }
              }
            },
            "fixed_wing_alt_2_2_speed_161": {
              "target_detection": {
                "Pd": {
                  "@file": "TRadar_ER_Tron_Future_loc2_fixed_wing_alt_2_2_speed_161_detection.json"
                },
                "Pfa": "tbd"
              },
              "foe_or_friend": {
                "Pd": {
                  "@file": "TRadar_ER_Tron_Future_loc2_fixed_wing_alt_2_2_speed_161_detection.json"
                }
              }
            }
          },
          "long": -77.009954,
          "lat": 38.902322
        }
      ],
      "optional_params": "Sensor parameters for detection model",
      "ppu": 85000,
      "model": "T.Radar ER",
      "detection_period": 0.01,
      "type": "radar",
      "make": "Tron Future"
    }
  },
  "coverage_areas": {
    "protected_area_1": {
      "area": [
        10,
        11,
        12,
        18
      ]
    }
  },
  "title": "Sensor Detection Analysis",
  "config": {
    "y_length": 6,
    "long_lat_unit": "degree",
    "x_length": 7,
    "sq_side_units": "long_lat_degree",
    "square_side": 0.003,
    "time_unit": "hour",
    "earth_radius": 6371000,
    "binary_classifications": {
      "target_detection": {
        "Pd_TH": 0.8
      },
      "foe_or_friend": {
        "Pd_TH": 0.8
      }
    },
    "distance_unit": "m",
    "south_west_corner": {
      "long": -77.032013,
      "lat": 38.892102
    },
    "target_types": {
      "fixed_wing_alt_2_6_speed_171": {
        "min_altitude": 2600.0,
        "max_velocity": 47.5
      },
      "fixed_wing_alt_2_2_speed_161": {
        "min_altitude": 2200.0,
        "max_velocity": 44.72222222222222
      }
    }
  },
  "area_of_interest": [
    [
      -77.032013,
      38.892102
    ],
    [
      -77.02815811554895,
      38.892102
    ],
    [
      -77.02430323109789,
      38.892102
    ],
    [
      -77.02044834664682,
      38.892102
    ],
    [
      -77.01659346219576,
      38.892102
    ],
    [
      -77.0127385777447,
      38.892102
    ],
    [
      -77.00888369329364,
      38.892102
    ],
    [
      -77.032013,
      38.895102
    ],
    [
      -77.02815811554895,
      38.895102
    ],
    [
      -77.02430323109789,
      38.895102
    ],
    [
      -77.02044834664682,
      38.895102
    ],
    [
      -77.01659346219576,
      38.895102
    ],
    [
      -77.0127385777447,
      38.895102
    ],
    [
      -77.00888369329364,
      38.895102
    ],
    [
      -77.032013,
      38.898102
    ],
    [
      -77.02815811554895,
      38.898102
    ],
    [
      -77.02430323109789,
      38.898102
    ],
    [
      -77.02044834664682,
      38.898102
    ],
    [
      -77.01659346219576,
      38.898102
    ],
    [
      -77.0127385777447,
      38.898102
    ],
    [
      -77.00888369329364,
      38.898102
    ],
    [
      -77.032013,
      38.901102
    ],
    [
      -77.02815811554895,
      38.901102
    ],
    [
      -77.02430323109789,
      38.901102
    ],
    [
      -77.02044834664682,
      38.901102
    ],
    [
      -77.01659346219576,
      38.901102
    ],
    [
      -77.0127385777447,
      38.901102
    ],
    [
      -77.00888369329364,
      38.901102
    ],
    [
      -77.032013,
      38.904102
    ],
    [
      -77.02815811554895,
      38.904102
    ],
    [
      -77.02430323109789,
      38.904102
    ],
    [
      -77.02044834664682,
      38.904102
    ],
    [
      -77.01659346219576,
      38.904102
    ],
    [
      -77.0127385777447,
      38.904102
    ],
    [
      -77.00888369329364,
      38.904102
    ],
    [
      -77.032013,
      38.907102
    ],
    [
      -77.02815811554895,
      38.907102
    ],
    [
      -77.02430323109789,
      38.907102
    ],
    [
      -77.02044834664682,
      38.907102
    ],
    [
      -77.01659346219576,
      38.907102
    ],
    [
      -77.0127385777447,
      38.907102
    ],
    [
      -77.00888369329364,
      38.907102
    ]
  ]
}