{
  "sensor_types": [
    "radar"
  ],
  "sensors": {
    "radar1": {
      "possible_locs": [
        {
          "coverage_metrics": {
            "fixed_wing_alt_2_8_speed_172": {
              "target_detection": {
                "Pd": {
                  "@file": "radar1_loc1_fixed_wing_alt_2_8_speed_172_detection.json"
                },
                "Pfa": "tbd"
              },
              "foe_or_friend": {
                "Pd": {
                  "@file": "radar1_loc1_fixed_wing_alt_2_8_speed_172_detection.json"
                }
              }
            }
          },
          "long": -77.030983,
          "lat": 38.897112
        },
        {
          "coverage_metrics": {
            "fixed_wing_alt_2_8_speed_172": {
              "target_detection": {
                "Pd": {
                  "@file": "radar1_loc2_fixed_wing_alt_2_8_speed_172_detection.json"
                },
                "Pfa": "tbd"
              },
              "foe_or_friend": {
                "Pd": {
                  "@file": "radar1_loc2_fixed_wing_alt_2_8_speed_172_detection.json"
                }
              }
            }
          },
          "long": -77.02137,
          "lat": 38.899383
        },
        {
          "coverage_metrics": {
            "fixed_wing_alt_2_8_speed_172": {
              "target_detection": {
                "Pd": {
                  "@file": "radar1_loc3_fixed_wing_alt_2_8_speed_172_detection.json"
                },
                "Pfa": "tbd"
              },
              "foe_or_friend": {
                "Pd": {
                  "@file": "radar1_loc3_fixed_wing_alt_2_8_speed_172_detection.json"
                }
              }
            }
          },
          "long": -77.023344,
          "lat": 38.895776
        }
      ],
      "optional_params": "Sensor parameters for detection model",
      "ppu": 75000,
      "model": "IRIS 3D Drone Radar",
      "detection_period": 0.01,
      "type": "radar",
      "make": "Robin Radar Systems"
    },
    "radar2": {
      "possible_locs": [
        {
          "coverage_metrics": {
            "fixed_wing_alt_2_8_speed_172": {
              "target_detection": {
                "Pd": {
                  "@file": "radar2_loc1_fixed_wing_alt_2_8_speed_172_detection.json"
                },
                "Pfa": "tbd"
              },
              "foe_or_friend": {
                "Pd": {
                  "@file": "radar2_loc1_fixed_wing_alt_2_8_speed_172_detection.json"
                }
              }
            }
          },
          "long": -77.030983,
          "lat": 38.897112
        },
        {
          "coverage_metrics": {
            "fixed_wing_alt_2_8_speed_172": {
              "target_detection": {
                "Pd": {
                  "@file": "radar2_loc2_fixed_wing_alt_2_8_speed_172_detection.json"
                },
                "Pfa": "tbd"
              },
              "foe_or_friend": {
                "Pd": {
                  "@file": "radar2_loc2_fixed_wing_alt_2_8_speed_172_detection.json"
                }
              }
            }
          },
          "long": -77.02137,
          "lat": 38.899383
        },
        {
          "coverage_metrics": {
            "fixed_wing_alt_2_8_speed_172": {
              "target_detection": {
                "Pd": {
                  "@file": "radar2_loc3_fixed_wing_alt_2_8_speed_172_detection.json"
                },
                "Pfa": "tbd"
              },
              "foe_or_friend": {
                "Pd": {
                  "@file": "radar2_loc3_fixed_wing_alt_2_8_speed_172_detection.json"
                }
              }
            }
          },
          "long": -77.023344,
          "lat": 38.895776
        }
      ],
      "optional_params": "Sensor parameters for detection model",
      "ppu": 85000,
      "model": "T.Radar ER",
      "detection_period": 0.01,
      "type": "radar",
      "make": "Tron Future"
    },
    "radar3": {
      "possible_locs": [
        {
          "coverage_metrics": {
            "fixed_wing_alt_2_8_speed_172": {
              "target_detection": {
                "Pd": {
                  "@file": "radar3_loc1_fixed_wing_alt_2_8_speed_172_detection.json"
                },
                "Pfa": "tbd"
              },
              "foe_or_friend": {
                "Pd": {
                  "@file": "radar3_loc1_fixed_wing_alt_2_8_speed_172_detection.json"
                }
              }
            }
          },
          "long": -77.030983,
          "lat": 38.897112
        },
        {
          "coverage_metrics": {
            "fixed_wing_alt_2_8_speed_172": {
              "target_detection": {
                "Pd": {
                  "@file": "radar3_loc2_fixed_wing_alt_2_8_speed_172_detection.json"
                },
                "Pfa": "tbd"
              },
              "foe_or_friend": {
                "Pd": {
                  "@file": "radar3_loc2_fixed_wing_alt_2_8_speed_172_detection.json"
                }
              }
            }
          },
          "long": -77.02137,
          "lat": 38.899383
        },
        {
          "coverage_metrics": {
            "fixed_wing_alt_2_8_speed_172": {
              "target_detection": {
                "Pd": {
                  "@file": "radar3_loc3_fixed_wing_alt_2_8_speed_172_detection.json"
                },
                "Pfa": "tbd"
              },
              "foe_or_friend": {
                "Pd": {
                  "@file": "radar3_loc3_fixed_wing_alt_2_8_speed_172_detection.json"
                }
              }
            }
          },
          "long": -77.023344,
          "lat": 38.895776
        }
      ],
      "optional_params": "Sensor parameters for detection model",
      "ppu": 120000,
      "model": "XENTA-C CUAS Radar",
      "detection_period": 0.01,
      "type": "radar",
      "make": "Weibel"
    }
  },
  "coverage_areas": {
    "protected_area_1": {
      "area": [
        4,
        5
      ]
    }
  },
  "title": "Sensor Detection Analysis",
  "config": {
    "y_length": 4,
    "long_lat_unit": "degree",
    "x_length": 4,
    "sq_side_units": "long_lat_degree",
    "square_side": 0.003,
    "time_unit": "hour",
    "earth_radius": 6371000,
    "binary_classifications": {
      "target_detection": {
        "fixed_wing_alt_2_8_speed_172": {
          "Pd_TH": 0.8
        }
      },
      "foe_or_friend": {
        "fixed_wing_alt_2_8_speed_172": {
          "Pd_TH": 0.8
        }
      }
    },
    "distance_unit": "m",
    "south_west_corner": {
      "long": -77.032099,
      "lat": 38.892169
    },
    "target_types": {
      "fixed_wing_alt_2_8_speed_172": {
        "min_altitude": 2800.0,
        "max_velocity": 47.77777777777778
      }
    }
  },
  "area_of_interest": [
    [
      38.892169,
      -77.032099
    ],
    [
      38.892169,
      -77.02824430771923
    ],
    [
      38.892169,
      -77.02438961543845
    ],
    [
      38.895169,
      -77.032099
    ],
    [
      38.895169,
      -77.02824430771923
    ],
    [
      38.895169,
      -77.02438961543845
    ],
    [
      38.898169,
      -77.032099
    ],
    [
      38.898169,
      -77.02824430771923
    ],
    [
      38.898169,
      -77.02438961543845
    ]
  ]
}