{
  "sensor_types": [
    "radar"
  ],
  "sensors": {
    "IRIS_3D_Drone_Radar_Robin_Radar_Systems": {
      "possible_locs": [
        {
          "coverage_metrics": {
            "fixed_wing_alt_2_6_speed_173": {
              "target_detection": {
                "Pd": {
                  "@file": "IRIS_3D_Drone_Radar_Robin_Radar_Systems_loc1_fixed_wing_alt_2_6_speed_173_detection.json"
                },
                "Pfa": "tbd"
              },
              "foe_or_friend": {
                "Pd": {
                  "@file": "IRIS_3D_Drone_Radar_Robin_Radar_Systems_loc1_fixed_wing_alt_2_6_speed_173_detection.json"
                }
              }
            }
          },
          "long": -77.029696,
          "lat": 38.898381
        },
        {
          "coverage_metrics": {
            "fixed_wing_alt_2_6_speed_173": {
              "target_detection": {
                "Pd": {
                  "@file": "IRIS_3D_Drone_Radar_Robin_Radar_Systems_loc2_fixed_wing_alt_2_6_speed_173_detection.json"
                },
                "Pfa": "tbd"
              },
              "foe_or_friend": {
                "Pd": {
                  "@file": "IRIS_3D_Drone_Radar_Robin_Radar_Systems_loc2_fixed_wing_alt_2_6_speed_173_detection.json"
                }
              }
            }
          },
          "long": -77.022486,
          "lat": 38.893905
        }
      ],
      "optional_params": "Sensor parameters for detection model",
      "ppu": 75000,
      "model": "IRIS 3D Drone Radar",
      "detection_period": 0.01,
      "type": "radar",
      "make": "Robin Radar Systems"
    },
    "TRadar_ER_Tron_Future": {
      "possible_locs": [
        {
          "coverage_metrics": {
            "fixed_wing_alt_2_6_speed_173": {
              "target_detection": {
                "Pd": {
                  "@file": "TRadar_ER_Tron_Future_loc1_fixed_wing_alt_2_6_speed_173_detection.json"
                },
                "Pfa": "tbd"
              },
              "foe_or_friend": {
                "Pd": {
                  "@file": "TRadar_ER_Tron_Future_loc1_fixed_wing_alt_2_6_speed_173_detection.json"
                }
              }
            }
          },
          "long": -77.029696,
          "lat": 38.898381
        },
        {
          "coverage_metrics": {
            "fixed_wing_alt_2_6_speed_173": {
              "target_detection": {
                "Pd": {
                  "@file": "TRadar_ER_Tron_Future_loc2_fixed_wing_alt_2_6_speed_173_detection.json"
                },
                "Pfa": "tbd"
              },
              "foe_or_friend": {
                "Pd": {
                  "@file": "TRadar_ER_Tron_Future_loc2_fixed_wing_alt_2_6_speed_173_detection.json"
                }
              }
            }
          },
          "long": -77.022486,
          "lat": 38.893905
        }
      ],
      "optional_params": "Sensor parameters for detection model",
      "ppu": 85000,
      "model": "T.Radar ER",
      "detection_period": 0.01,
      "type": "radar",
      "make": "Tron Future"
    }
  },
  "coverage_areas": {
    "default_area": {
      "area": [
        0,
        1,
        2,
        4,
        5,
        6,
        8,
        9,
        10
      ]
    }
  },
  "title": "Sensor Detection Analysis",
  "config": {
    "y_length": 4,
    "long_lat_unit": "degree",
    "x_length": 4,
    "sq_side_units": "long_lat_degree",
    "square_side": 0.003,
    "time_unit": "hour",
    "earth_radius": 6371000,
    "binary_classifications": {
      "target_detection": {
        "Pd_TH": 0.7
      },
      "foe_or_friend": {
        "Pd_TH": 0.7
      }
    },
    "distance_unit": "m",
    "south_west_corner": {
      "long": -77.032013,
      "lat": 38.892369
    },
    "target_types": {
      "fixed_wing_alt_2_6_speed_173": {
        "min_altitude": 2600.0,
        "max_velocity": 48.05555555555556
      }
    }
  },
  "area_of_interest": [
    [
      -77.032013,
      38.892369
    ],
    [
      -77.02815830590083,
      38.892369
    ],
    [
      -77.02430361180166,
      38.892369
    ],
    [
      -77.032013,
      38.895369
    ],
    [
      -77.02815830590083,
      38.895369
    ],
    [
      -77.02430361180166,
      38.895369
    ],
    [
      -77.032013,
      38.898369
    ],
    [
      -77.02815830590083,
      38.898369
    ],
    [
      -77.02430361180166,
      38.898369
    ]
  ]
}