{
  "sensor_types": [
    "radar"
  ],
  "sensors": {
    "radar1": {
      "possible_locs": [
        {
          "coverage_metrics": {
            "fixed_wing_alt_2_2_speed_138": {
              "target_detection": {
                "Pd": {
                  "@file": "radar1_loc1_fixed_wing_alt_2_2_speed_138_detection.json"
                },
                "Pfa": "tbd"
              },
              "foe_or_friend": {
                "Pd": {
                  "@file": "radar1_loc1_fixed_wing_alt_2_2_speed_138_detection.json"
                }
              }
            }
          },
          "long": -77.023258,
          "lat": 38.900919
        }
      ],
      "optional_params": "Sensor parameters for detection model",
      "ppu": 75000,
      "model": "IRIS 3D Drone Radar",
      "detection_period": 0.01,
      "type": "radar",
      "make": "Robin Radar Systems"
    }
  },
  "coverage_areas": {
    "protected_area_1": {
      "area": [
        35,
        44,
        45
      ]
    }
  },
  "title": "Sensor Detection Analysis",
  "config": {
    "y_length": 7,
    "long_lat_unit": "degree",
    "x_length": 11,
    "sq_side_units": "long_lat_degree",
    "square_side": 0.004,
    "time_unit": "hour",
    "earth_radius": 6371000,
    "binary_classifications": {
      "target_detection": {
        "fixed_wing_alt_2_2_speed_138": {
          "Pd_TH": 0.8
        }
      },
      "foe_or_friend": {
        "fixed_wing_alt_2_2_speed_138": {
          "Pd_TH": 0.8
        }
      }
    },
    "distance_unit": "m",
    "south_west_corner": {
      "long": -77.031841,
      "lat": 38.891434
    },
    "target_types": {
      "fixed_wing_alt_2_2_speed_138": {
        "min_altitude": 2200.0,
        "max_velocity": 38.333333333333336
      }
    }
  },
  "area_of_interest": [
    [
      38.891434,
      -77.031841
    ],
    [
      38.891434,
      -77.02670090025461
    ],
    [
      38.891434,
      -77.02156080050923
    ],
    [
      38.891434,
      -77.01642070076385
    ],
    [
      38.891434,
      -77.01128060101846
    ],
    [
      38.891434,
      -77.00614050127308
    ],
    [
      38.891434,
      -77.00100040152769
    ],
    [
      38.891434,
      -76.9958603017823
    ],
    [
      38.891434,
      -76.99072020203693
    ],
    [
      38.891434,
      -76.98558010229154
    ],
    [
      38.895433999999995,
      -77.031841
    ],
    [
      38.895433999999995,
      -77.02670090025461
    ],
    [
      38.895433999999995,
      -77.02156080050923
    ],
    [
      38.895433999999995,
      -77.01642070076385
    ],
    [
      38.895433999999995,
      -77.01128060101846
    ],
    [
      38.895433999999995,
      -77.00614050127308
    ],
    [
      38.895433999999995,
      -77.00100040152769
    ],
    [
      38.895433999999995,
      -76.9958603017823
    ],
    [
      38.895433999999995,
      -76.99072020203693
    ],
    [
      38.895433999999995,
      -76.98558010229154
    ],
    [
      38.899434,
      -77.031841
    ],
    [
      38.899434,
      -77.02670090025461
    ],
    [
      38.899434,
      -77.02156080050923
    ],
    [
      38.899434,
      -77.01642070076385
    ],
    [
      38.899434,
      -77.01128060101846
    ],
    [
      38.899434,
      -77.00614050127308
    ],
    [
      38.899434,
      -77.00100040152769
    ],
    [
      38.899434,
      -76.9958603017823
    ],
    [
      38.899434,
      -76.99072020203693
    ],
    [
      38.899434,
      -76.98558010229154
    ],
    [
      38.903434,
      -77.031841
    ],
    [
      38.903434,
      -77.02670090025461
    ],
    [
      38.903434,
      -77.02156080050923
    ],
    [
      38.903434,
      -77.01642070076385
    ],
    [
      38.903434,
      -77.01128060101846
    ],
    [
      38.903434,
      -77.00614050127308
    ],
    [
      38.903434,
      -77.00100040152769
    ],
    [
      38.903434,
      -76.9958603017823
    ],
    [
      38.903434,
      -76.99072020203693
    ],
    [
      38.903434,
      -76.98558010229154
    ],
    [
      38.907433999999995,
      -77.031841
    ],
    [
      38.907433999999995,
      -77.02670090025461
    ],
    [
      38.907433999999995,
      -77.02156080050923
    ],
    [
      38.907433999999995,
      -77.01642070076385
    ],
    [
      38.907433999999995,
      -77.01128060101846
    ],
    [
      38.907433999999995,
      -77.00614050127308
    ],
    [
      38.907433999999995,
      -77.00100040152769
    ],
    [
      38.907433999999995,
      -76.9958603017823
    ],
    [
      38.907433999999995,
      -76.99072020203693
    ],
    [
      38.907433999999995,
      -76.98558010229154
    ],
    [
      38.911434,
      -77.031841
    ],
    [
      38.911434,
      -77.02670090025461
    ],
    [
      38.911434,
      -77.02156080050923
    ],
    [
      38.911434,
      -77.01642070076385
    ],
    [
      38.911434,
      -77.01128060101846
    ],
    [
      38.911434,
      -77.00614050127308
    ],
    [
      38.911434,
      -77.00100040152769
    ],
    [
      38.911434,
      -76.9958603017823
    ],
    [
      38.911434,
      -76.99072020203693
    ],
    [
      38.911434,
      -76.98558010229154
    ]
  ]
}