{
  "sensor_types": [
    "radar"
  ],
  "sensors": {
    "radar1": {
      "possible_locs": [
        {
          "coverage_metrics": {
            "fixed_wing_alt_1_6_speed_158": {
              "target_detection": {
                "Pd": {
                  "@file": "radar1_loc1_fixed_wing_alt_1_6_speed_158_detection.json"
                },
                "Pfa": "tbd"
              },
              "foe_or_friend": {
                "Pd": {
                  "@file": "radar1_loc1_fixed_wing_alt_1_6_speed_158_detection.json"
                }
              }
            }
          },
          "long": -77.030811,
          "lat": 38.897379
        }
      ],
      "optional_params": "Sensor parameters for detection model",
      "ppu": 75000,
      "model": "IRIS 3D Drone Radar",
      "detection_period": 0.01,
      "type": "radar",
      "make": "Robin Radar Systems"
    }
  },
  "coverage_areas": {
    "area_1": {
      "area": [
        10
      ]
    }
  },
  "title": "Sensor Detection Analysis",
  "config": {
    "y_length": 4,
    "long_lat_unit": "degree",
    "x_length": 4,
    "sq_side_units": "long_lat_degree",
    "square_side": 0.003,
    "time_unit": "hour",
    "earth_radius": 6371000,
    "binary_classifications": {
      "target_detection": {
        "fixed_wing_alt_1_6_speed_158": {
          "Pd_TH": 0.8
        }
      },
      "foe_or_friend": {
        "fixed_wing_alt_1_6_speed_158": {
          "Pd_TH": 0.8
        }
      }
    },
    "distance_unit": "m",
    "south_west_corner": {
      "long": -77.032099,
      "lat": 38.892169
    },
    "target_types": {
      "fixed_wing_alt_1_6_speed_158": {
        "min_altitude": 1550.0,
        "max_velocity": 43.888888888888886
      }
    }
  },
  "area_of_interest": [
    [
      38.892169,
      -77.032099
    ],
    [
      38.892169,
      -77.02824430408242
    ],
    [
      38.892169,
      -77.02438960816484
    ],
    [
      38.895169,
      -77.032099
    ],
    [
      38.895169,
      -77.02824430408242
    ],
    [
      38.895169,
      -77.02438960816484
    ],
    [
      38.898169,
      -77.032099
    ],
    [
      38.898169,
      -77.02824430408242
    ],
    [
      38.898169,
      -77.02438960816484
    ]
  ]
}