{
  "sensor_types": [
    "radar"
  ],
  "sensors": {
    "radar1": {
      "possible_locs": [
        {
          "coverage_metrics": {
            "fixed_wing_alt_2_8_speed_146": {
              "target_detection": {
                "Pd": {
                  "@file": "radar1_loc1_fixed_wing_alt_2_8_speed_146_detection.json"
                },
                "Pfa": "tbd"
              },
              "foe_or_friend": {
                "Pd": {
                  "@file": "radar1_loc1_fixed_wing_alt_2_8_speed_146_detection.json"
                }
              }
            }
          },
          "long": -77.009354,
          "lat": 38.893505
        }
      ],
      "optional_params": "Sensor parameters for detection model",
      "ppu": 75000,
      "model": "IRIS 3D Drone Radar",
      "detection_period": 0.01,
      "type": "radar",
      "make": "Robin Radar Systems"
    }
  },
  "coverage_areas": {
    "protected_area_01": {
      "area": [
        15
      ]
    }
  },
  "title": "Sensor Detection Analysis",
  "config": {
    "y_length": 5,
    "long_lat_unit": "degree",
    "x_length": 7,
    "sq_side_units": "long_lat_degree",
    "square_side": 0.003,
    "time_unit": "hour",
    "earth_radius": 6371000,
    "binary_classifications": {
      "target_detection": {
        "Pd_TH": 0.8
      },
      "foe_or_friend": {
        "Pd_TH": 0.8
      }
    },
    "distance_unit": "m",
    "south_west_corner": {
      "long": -77.031884,
      "lat": 38.887559
    },
    "target_types": {
      "fixed_wing_alt_2_8_speed_146": {
        "min_altitude": 2800.0,
        "max_velocity": 40.55555555555556
      }
    }
  },
  "area_of_interest": [
    [
      -77.031884,
      38.887559
    ],
    [
      -77.02802943372438,
      38.887559
    ],
    [
      -77.02417486744875,
      38.887559
    ],
    [
      -77.02032030117313,
      38.887559
    ],
    [
      -77.0164657348975,
      38.887559
    ],
    [
      -77.01261116862187,
      38.887559
    ],
    [
      -77.00875660234624,
      38.887559
    ],
    [
      -77.031884,
      38.890559
    ],
    [
      -77.02802943372438,
      38.890559
    ],
    [
      -77.02417486744875,
      38.890559
    ],
    [
      -77.02032030117313,
      38.890559
    ],
    [
      -77.0164657348975,
      38.890559
    ],
    [
      -77.01261116862187,
      38.890559
    ],
    [
      -77.00875660234624,
      38.890559
    ],
    [
      -77.031884,
      38.893559
    ],
    [
      -77.02802943372438,
      38.893559
    ],
    [
      -77.02417486744875,
      38.893559
    ],
    [
      -77.02032030117313,
      38.893559
    ],
    [
      -77.0164657348975,
      38.893559
    ],
    [
      -77.01261116862187,
      38.893559
    ],
    [
      -77.00875660234624,
      38.893559
    ],
    [
      -77.031884,
      38.896559
    ],
    [
      -77.02802943372438,
      38.896559
    ],
    [
      -77.02417486744875,
      38.896559
    ],
    [
      -77.02032030117313,
      38.896559
    ],
    [
      -77.0164657348975,
      38.896559
    ],
    [
      -77.01261116862187,
      38.896559
    ],
    [
      -77.00875660234624,
      38.896559
    ],
    [
      -77.031884,
      38.899559
    ],
    [
      -77.02802943372438,
      38.899559
    ],
    [
      -77.02417486744875,
      38.899559
    ],
    [
      -77.02032030117313,
      38.899559
    ],
    [
      -77.0164657348975,
      38.899559
    ],
    [
      -77.01261116862187,
      38.899559
    ],
    [
      -77.00875660234624,
      38.899559
    ]
  ]
}