{
  "sensor_types": [
    "radar"
  ],
  "sensors": {
    "radar1": {
      "possible_locs": [
        {
          "coverage_metrics": {
            "fixed_wing_alt_2_5_speed_117": {
              "target_detection": {
                "Pd": {
                  "@file": "radar1_loc1_fixed_wing_alt_2_5_speed_117_detection.json"
                },
                "Pfa": "tbd"
              },
              "foe_or_friend": {
                "Pd": {
                  "@file": "radar1_loc1_fixed_wing_alt_2_5_speed_117_detection.json"
                }
              }
            }
          },
          "long": -77.015705,
          "lat": 38.897713
        }
      ],
      "optional_params": "Sensor parameters for detection model",
      "ppu": 75000,
      "model": "IRIS 3D Drone Radar",
      "detection_period": 0.01,
      "type": "radar",
      "make": "Robin Radar Systems"
    }
  },
  "coverage_areas": {
    "protected_area_1": {
      "area": [
        16,
        23
      ]
    }
  },
  "title": "Sensor Detection Analysis",
  "config": {
    "y_length": 5,
    "long_lat_unit": "degree",
    "x_length": 7,
    "sq_side_units": "long_lat_degree",
    "square_side": 0.003,
    "time_unit": "hour",
    "earth_radius": 6371000,
    "binary_classifications": {
      "target_detection": {
        "fixed_wing_alt_2_5_speed_117": {
          "Pd_TH": 0.8
        }
      },
      "foe_or_friend": {
        "fixed_wing_alt_2_5_speed_117": {
          "Pd_TH": 0.8
        }
      }
    },
    "distance_unit": "m",
    "south_west_corner": {
      "long": -77.019868,
      "lat": 38.892135
    },
    "target_types": {
      "fixed_wing_alt_2_5_speed_117": {
        "min_altitude": 2500.0,
        "max_velocity": 32.5
      }
    }
  },
  "area_of_interest": [
    [
      38.892135,
      -77.019868
    ],
    [
      38.892135,
      -77.01601322705525
    ],
    [
      38.892135,
      -77.01215845411052
    ],
    [
      38.892135,
      -77.00830368116577
    ],
    [
      38.892135,
      -77.00444890822104
    ],
    [
      38.892135,
      -77.00059413527629
    ],
    [
      38.895135,
      -77.019868
    ],
    [
      38.895135,
      -77.01601322705525
    ],
    [
      38.895135,
      -77.01215845411052
    ],
    [
      38.895135,
      -77.00830368116577
    ],
    [
      38.895135,
      -77.00444890822104
    ],
    [
      38.895135,
      -77.00059413527629
    ],
    [
      38.898135,
      -77.019868
    ],
    [
      38.898135,
      -77.01601322705525
    ],
    [
      38.898135,
      -77.01215845411052
    ],
    [
      38.898135,
      -77.00830368116577
    ],
    [
      38.898135,
      -77.00444890822104
    ],
    [
      38.898135,
      -77.00059413527629
    ],
    [
      38.901135000000004,
      -77.019868
    ],
    [
      38.901135000000004,
      -77.01601322705525
    ],
    [
      38.901135000000004,
      -77.01215845411052
    ],
    [
      38.901135000000004,
      -77.00830368116577
    ],
    [
      38.901135000000004,
      -77.00444890822104
    ],
    [
      38.901135000000004,
      -77.00059413527629
    ]
  ]
}