{
  "sensor_types": [
    "radar"
  ],
  "sensors": {
    "radar1": {
      "possible_locs": [
        {
          "coverage_metrics": {
            "fixed_wing_alt_2_7_speed_157": {
              "target_detection": {
                "Pd": {
                  "@file": "radar1_loc1_fixed_wing_alt_2_7_speed_157_detection.json"
                },
                "Pfa": "tbd"
              },
              "foe_or_friend": {
                "Pd": {
                  "@file": "radar1_loc1_fixed_wing_alt_2_7_speed_157_detection.json"
                }
              }
            }
          },
          "long": -77.028151,
          "lat": 38.897179
        }
      ],
      "optional_params": "Sensor parameters for detection model",
      "ppu": 75000,
      "model": "IRIS 3D Drone Radar",
      "detection_period": 0.01,
      "type": "radar",
      "make": "Robin Radar Systems"
    }
  },
  "coverage_areas": {
    "protected_area_1": {
      "area": [
        5
      ]
    }
  },
  "title": "Sensor Detection Analysis",
  "config": {
    "y_length": 4,
    "long_lat_unit": "degree",
    "x_length": 4,
    "sq_side_units": "long_lat_degree",
    "square_side": 0.003,
    "time_unit": "hour",
    "earth_radius": 6371000,
    "binary_classifications": {
      "target_detection": {
        "fixed_wing_alt_2_7_speed_157": {
          "Pd_TH": 0.8
        }
      },
      "foe_or_friend": {
        "fixed_wing_alt_2_7_speed_157": {
          "Pd_TH": 0.8
        }
      }
    },
    "distance_unit": "m",
    "south_west_corner": {
      "long": -77.031927,
      "lat": 38.892102
    },
    "target_types": {
      "fixed_wing_alt_2_7_speed_157": {
        "min_altitude": 2700.0,
        "max_velocity": 43.61111111111111
      }
    }
  },
  "area_of_interest": [
    [
      38.892102,
      -77.031927
    ],
    [
      38.892102,
      -77.02807231314726
    ],
    [
      38.892102,
      -77.02421762629454
    ],
    [
      38.895102,
      -77.031927
    ],
    [
      38.895102,
      -77.02807231314726
    ],
    [
      38.895102,
      -77.02421762629454
    ],
    [
      38.898102,
      -77.031927
    ],
    [
      38.898102,
      -77.02807231314726
    ],
    [
      38.898102,
      -77.02421762629454
    ]
  ]
}