{
  "sensor_types": [
    "radar"
  ],
  "sensors": {
    "radar1": {
      "possible_locs": [
        {
          "coverage_metrics": {
            "fixed_wing_alt_2_2_speed_170": {
              "target_detection": {
                "Pd": {
                  "@file": "radar1_loc1_fixed_wing_alt_2_2_speed_170_detection.json"
                },
                "Pfa": "tbd"
              },
              "foe_or_friend": {
                "Pd": {
                  "@file": "radar1_loc1_fixed_wing_alt_2_2_speed_170_detection.json"
                }
              }
            }
          },
          "long": -77.02137,
          "lat": 38.898648
        }
      ],
      "optional_params": "Sensor parameters for detection model",
      "ppu": 75000,
      "model": "IRIS 3D Drone Radar",
      "detection_period": 0.01,
      "type": "radar",
      "make": "Robin Radar Systems"
    }
  },
  "coverage_areas": {
    "default_area": {
      "area": [
        0,
        1,
        2,
        3,
        4,
        5,
        6,
        7,
        8,
        9,
        10,
        11,
        12,
        13,
        14,
        15,
        16,
        17,
        18,
        19,
        20,
        21,
        22,
        23,
        24,
        25,
        26,
        27,
        28,
        29,
        30,
        31,
        32,
        33,
        34,
        35
      ]
    }
  },
  "title": "Sensor Detection Analysis",
  "config": {
    "y_length": 6,
    "long_lat_unit": "degree",
    "x_length": 6,
    "sq_side_units": "long_lat_degree",
    "square_side": 0.003,
    "time_unit": "hour",
    "earth_radius": 6371000,
    "binary_classifications": {
      "target_detection": {
        "Pd_TH": 0.8
      },
      "foe_or_friend": {
        "Pd_TH": 0.8
      }
    },
    "distance_unit": "m",
    "south_west_corner": {
      "long": -77.031755,
      "lat": 38.892102
    },
    "target_types": {
      "fixed_wing_alt_2_2_speed_170": {
        "min_altitude": 2200.0,
        "max_velocity": 47.22222222222222
      }
    }
  },
  "area_of_interest": [
    [
      -77.031755,
      38.892102
    ],
    [
      -77.02790011191149,
      38.892102
    ],
    [
      -77.02404522382298,
      38.892102
    ],
    [
      -77.02019033573447,
      38.892102
    ],
    [
      -77.01633544764596,
      38.892102
    ],
    [
      -77.01248055955746,
      38.892102
    ],
    [
      -77.031755,
      38.895102
    ],
    [
      -77.02790011191149,
      38.895102
    ],
    [
      -77.02404522382298,
      38.895102
    ],
    [
      -77.02019033573447,
      38.895102
    ],
    [
      -77.01633544764596,
      38.895102
    ],
    [
      -77.01248055955746,
      38.895102
    ],
    [
      -77.031755,
      38.898102
    ],
    [
      -77.02790011191149,
      38.898102
    ],
    [
      -77.02404522382298,
      38.898102
    ],
    [
      -77.02019033573447,
      38.898102
    ],
    [
      -77.01633544764596,
      38.898102
    ],
    [
      -77.01248055955746,
      38.898102
    ],
    [
      -77.031755,
      38.901102
    ],
    [
      -77.02790011191149,
      38.901102
    ],
    [
      -77.02404522382298,
      38.901102
    ],
    [
      -77.02019033573447,
      38.901102
    ],
    [
      -77.01633544764596,
      38.901102
    ],
    [
      -77.01248055955746,
      38.901102
    ],
    [
      -77.031755,
      38.904102
    ],
    [
      -77.02790011191149,
      38.904102
    ],
    [
      -77.02404522382298,
      38.904102
    ],
    [
      -77.02019033573447,
      38.904102
    ],
    [
      -77.01633544764596,
      38.904102
    ],
    [
      -77.01248055955746,
      38.904102
    ],
    [
      -77.031755,
      38.907102
    ],
    [
      -77.02790011191149,
      38.907102
    ],
    [
      -77.02404522382298,
      38.907102
    ],
    [
      -77.02019033573447,
      38.907102
    ],
    [
      -77.01633544764596,
      38.907102
    ],
    [
      -77.01248055955746,
      38.907102
    ]
  ]
}