{
  "sensor_types": [
    "radar"
  ],
  "sensors": {
    "radar1": {
      "possible_locs": [
        {
          "coverage_metrics": {
            "fixed_wing_alt_2_6_speed_166": {
              "target_detection": {
                "Pd": {
                  "@file": "radar1_loc1_fixed_wing_alt_2_6_speed_166_detection.json"
                },
                "Pfa": "tbd"
              },
              "foe_or_friend": {
                "Pd": {
                  "@file": "radar1_loc1_fixed_wing_alt_2_6_speed_166_detection.json"
                }
              }
            }
          },
          "long": -77.027206,
          "lat": 38.902389
        }
      ],
      "optional_params": "Sensor parameters for detection model",
      "ppu": 75000,
      "model": "IRIS 3D Drone Radar",
      "detection_period": 0.01,
      "type": "radar",
      "make": "Robin Radar Systems"
    }
  },
  "coverage_areas": {
    "protected_area_1": {
      "area": [
        13,
        14,
        15,
        20
      ]
    }
  },
  "title": "Sensor Detection Analysis",
  "config": {
    "y_length": 6,
    "long_lat_unit": "degree",
    "x_length": 6,
    "sq_side_units": "long_lat_degree",
    "square_side": 0.003,
    "time_unit": "hour",
    "earth_radius": 6371000,
    "binary_classifications": {
      "target_detection": {
        "Pd_TH": 0.8
      },
      "foe_or_friend": {
        "Pd_TH": 0.8
      }
    },
    "distance_unit": "m",
    "south_west_corner": {
      "long": -77.032013,
      "lat": 38.892035
    },
    "target_types": {
      "fixed_wing_alt_2_6_speed_166": {
        "min_altitude": 2600.0,
        "max_velocity": 46.11111111111111
      }
    }
  },
  "area_of_interest": [
    [
      -77.032013,
      38.892035
    ],
    [
      -77.0281581608803,
      38.892035
    ],
    [
      -77.0243033217606,
      38.892035
    ],
    [
      -77.02044848264089,
      38.892035
    ],
    [
      -77.01659364352118,
      38.892035
    ],
    [
      -77.01273880440147,
      38.892035
    ],
    [
      -77.032013,
      38.895035
    ],
    [
      -77.0281581608803,
      38.895035
    ],
    [
      -77.0243033217606,
      38.895035
    ],
    [
      -77.02044848264089,
      38.895035
    ],
    [
      -77.01659364352118,
      38.895035
    ],
    [
      -77.01273880440147,
      38.895035
    ],
    [
      -77.032013,
      38.898035
    ],
    [
      -77.0281581608803,
      38.898035
    ],
    [
      -77.0243033217606,
      38.898035
    ],
    [
      -77.02044848264089,
      38.898035
    ],
    [
      -77.01659364352118,
      38.898035
    ],
    [
      -77.01273880440147,
      38.898035
    ],
    [
      -77.032013,
      38.901035
    ],
    [
      -77.0281581608803,
      38.901035
    ],
    [
      -77.0243033217606,
      38.901035
    ],
    [
      -77.02044848264089,
      38.901035
    ],
    [
      -77.01659364352118,
      38.901035
    ],
    [
      -77.01273880440147,
      38.901035
    ],
    [
      -77.032013,
      38.904035
    ],
    [
      -77.0281581608803,
      38.904035
    ],
    [
      -77.0243033217606,
      38.904035
    ],
    [
      -77.02044848264089,
      38.904035
    ],
    [
      -77.01659364352118,
      38.904035
    ],
    [
      -77.01273880440147,
      38.904035
    ]
  ]
}