{
  "sensor_types": [
    "radar"
  ],
  "sensors": {
    "IRIS_3D_Drone_Radar_Robin_Radar_Systems": {
      "possible_locs": [
        {
          "coverage_metrics": {
            "fixed_wing_alt_2_8_speed_170": {
              "target_detection": {
                "Pd": {
                  "@file": "IRIS_3D_Drone_Radar_Robin_Radar_Systems_loc1_fixed_wing_alt_2_8_speed_170_detection.json"
                },
                "Pfa": "tbd"
              },
              "foe_or_friend": {
                "Pd": {
                  "@file": "IRIS_3D_Drone_Radar_Robin_Radar_Systems_loc1_fixed_wing_alt_2_8_speed_170_detection.json"
                }
              }
            }
          },
          "long": -77.030554,
          "lat": 38.898982
        },
        {
          "coverage_metrics": {
            "fixed_wing_alt_2_8_speed_170": {
              "target_detection": {
                "Pd": {
                  "@file": "IRIS_3D_Drone_Radar_Robin_Radar_Systems_loc2_fixed_wing_alt_2_8_speed_170_detection.json"
                },
                "Pfa": "tbd"
              },
              "foe_or_friend": {
                "Pd": {
                  "@file": "IRIS_3D_Drone_Radar_Robin_Radar_Systems_loc2_fixed_wing_alt_2_8_speed_170_detection.json"
                }
              }
            }
          },
          "long": -77.021198,
          "lat": 38.894507
        }
      ],
      "optional_params": "Sensor parameters for detection model",
      "ppu": 75000,
      "model": "IRIS 3D Drone Radar",
      "detection_period": 0.01,
      "type": "radar",
      "make": "Robin Radar Systems"
    },
    "TRadar_ER_Tron_Future": {
      "possible_locs": [
        {
          "coverage_metrics": {
            "fixed_wing_alt_2_8_speed_170": {
              "target_detection": {
                "Pd": {
                  "@file": "TRadar_ER_Tron_Future_loc1_fixed_wing_alt_2_8_speed_170_detection.json"
                },
                "Pfa": "tbd"
              },
              "foe_or_friend": {
                "Pd": {
                  "@file": "TRadar_ER_Tron_Future_loc1_fixed_wing_alt_2_8_speed_170_detection.json"
                }
              }
            }
          },
          "long": -77.030554,
          "lat": 38.898982
        },
        {
          "coverage_metrics": {
            "fixed_wing_alt_2_8_speed_170": {
              "target_detection": {
                "Pd": {
                  "@file": "TRadar_ER_Tron_Future_loc2_fixed_wing_alt_2_8_speed_170_detection.json"
                },
                "Pfa": "tbd"
              },
              "foe_or_friend": {
                "Pd": {
                  "@file": "TRadar_ER_Tron_Future_loc2_fixed_wing_alt_2_8_speed_170_detection.json"
                }
              }
            }
          },
          "long": -77.021198,
          "lat": 38.894507
        }
      ],
      "optional_params": "Sensor parameters for detection model",
      "ppu": 85000,
      "model": "T.Radar ER",
      "detection_period": 0.01,
      "type": "radar",
      "make": "Tron Future"
    }
  },
  "coverage_areas": {
    "prot_area_1": {
      "area": [
        2,
        5,
        6
      ]
    }
  },
  "title": "Sensor Detection Analysis",
  "config": {
    "y_length": 4,
    "long_lat_unit": "degree",
    "x_length": 4,
    "sq_side_units": "long_lat_degree",
    "square_side": 0.003,
    "time_unit": "hour",
    "earth_radius": 6371000,
    "binary_classifications": {
      "target_detection": {
        "Pd_TH": 0.8
      },
      "foe_or_friend": {
        "Pd_TH": 0.8
      }
    },
    "distance_unit": "m",
    "south_west_corner": {
      "long": -77.032356,
      "lat": 38.892102
    },
    "target_types": {
      "fixed_wing_alt_2_8_speed_170": {
        "min_altitude": 2800.0,
        "max_velocity": 47.22222222222222
      }
    }
  },
  "area_of_interest": [
    [
      -77.032356,
      38.892102
    ],
    [
      -77.028501302264,
      38.892102
    ],
    [
      -77.02464660452802,
      38.892102
    ],
    [
      -77.032356,
      38.895102
    ],
    [
      -77.028501302264,
      38.895102
    ],
    [
      -77.02464660452802,
      38.895102
    ],
    [
      -77.032356,
      38.898102
    ],
    [
      -77.028501302264,
      38.898102
    ],
    [
      -77.02464660452802,
      38.898102
    ],
    [
      -77.032356,
      38.901102
    ],
    [
      -77.028501302264,
      38.901102
    ],
    [
      -77.02464660452802,
      38.901102
    ]
  ]
}