{
  "sensor_types": [
    "radar"
  ],
  "sensors": {
    "IRIS_3D_Drone_Radar_Robin_Radar_Systems": {
      "possible_locs": [
        {
          "coverage_metrics": {
            "fixed_wing_alt_2_7_speed_162": {
              "target_detection": {
                "Pd": {
                  "@file": "IRIS_3D_Drone_Radar_Robin_Radar_Systems_loc1_fixed_wing_alt_2_7_speed_162_detection.json"
                },
                "Pfa": "tbd"
              },
              "foe_or_friend": {
                "Pd": {
                  "@file": "IRIS_3D_Drone_Radar_Robin_Radar_Systems_loc1_fixed_wing_alt_2_7_speed_162_detection.json"
                }
              }
            }
          },
          "long": -77.029352,
          "lat": 38.896444
        },
        {
          "coverage_metrics": {
            "fixed_wing_alt_2_7_speed_162": {
              "target_detection": {
                "Pd": {
                  "@file": "IRIS_3D_Drone_Radar_Robin_Radar_Systems_loc2_fixed_wing_alt_2_7_speed_162_detection.json"
                },
                "Pfa": "tbd"
              },
              "foe_or_friend": {
                "Pd": {
                  "@file": "IRIS_3D_Drone_Radar_Robin_Radar_Systems_loc2_fixed_wing_alt_2_7_speed_162_detection.json"
                }
              }
            }
          },
          "long": -77.027292,
          "lat": 38.900051
        },
        {
          "coverage_metrics": {
            "fixed_wing_alt_2_7_speed_162": {
              "target_detection": {
                "Pd": {
                  "@file": "IRIS_3D_Drone_Radar_Robin_Radar_Systems_loc3_fixed_wing_alt_2_7_speed_162_detection.json"
                },
                "Pfa": "tbd"
              },
              "foe_or_friend": {
                "Pd": {
                  "@file": "IRIS_3D_Drone_Radar_Robin_Radar_Systems_loc3_fixed_wing_alt_2_7_speed_162_detection.json"
                }
              }
            }
          },
          "long": -77.021713,
          "lat": 38.893371
        }
      ],
      "optional_params": "Sensor parameters for detection model",
      "ppu": 75000,
      "model": "IRIS 3D Drone Radar",
      "detection_period": 0.01,
      "type": "radar",
      "make": "Robin Radar Systems"
    },
    "DroneWatcher_DSR_DeTect": {
      "possible_locs": [
        {
          "coverage_metrics": {
            "fixed_wing_alt_2_7_speed_162": {
              "target_detection": {
                "Pd": {
                  "@file": "DroneWatcher_DSR_DeTect_loc1_fixed_wing_alt_2_7_speed_162_detection.json"
                },
                "Pfa": "tbd"
              },
              "foe_or_friend": {
                "Pd": {
                  "@file": "DroneWatcher_DSR_DeTect_loc1_fixed_wing_alt_2_7_speed_162_detection.json"
                }
              }
            }
          },
          "long": -77.029352,
          "lat": 38.896444
        },
        {
          "coverage_metrics": {
            "fixed_wing_alt_2_7_speed_162": {
              "target_detection": {
                "Pd": {
                  "@file": "DroneWatcher_DSR_DeTect_loc2_fixed_wing_alt_2_7_speed_162_detection.json"
                },
                "Pfa": "tbd"
              },
              "foe_or_friend": {
                "Pd": {
                  "@file": "DroneWatcher_DSR_DeTect_loc2_fixed_wing_alt_2_7_speed_162_detection.json"
                }
              }
            }
          },
          "long": -77.027292,
          "lat": 38.900051
        },
        {
          "coverage_metrics": {
            "fixed_wing_alt_2_7_speed_162": {
              "target_detection": {
                "Pd": {
                  "@file": "DroneWatcher_DSR_DeTect_loc3_fixed_wing_alt_2_7_speed_162_detection.json"
                },
                "Pfa": "tbd"
              },
              "foe_or_friend": {
                "Pd": {
                  "@file": "DroneWatcher_DSR_DeTect_loc3_fixed_wing_alt_2_7_speed_162_detection.json"
                }
              }
            }
          },
          "long": -77.021713,
          "lat": 38.893371
        }
      ],
      "optional_params": "Sensor parameters for detection model",
      "ppu": 48000,
      "model": "DroneWatcher DSR",
      "detection_period": 0.01,
      "type": "radar",
      "make": "DeTect"
    },
    "TRadar_ER_Tron_Future": {
      "possible_locs": [
        {
          "coverage_metrics": {
            "fixed_wing_alt_2_7_speed_162": {
              "target_detection": {
                "Pd": {
                  "@file": "TRadar_ER_Tron_Future_loc1_fixed_wing_alt_2_7_speed_162_detection.json"
                },
                "Pfa": "tbd"
              },
              "foe_or_friend": {
                "Pd": {
                  "@file": "TRadar_ER_Tron_Future_loc1_fixed_wing_alt_2_7_speed_162_detection.json"
                }
              }
            }
          },
          "long": -77.029352,
          "lat": 38.896444
        },
        {
          "coverage_metrics": {
            "fixed_wing_alt_2_7_speed_162": {
              "target_detection": {
                "Pd": {
                  "@file": "TRadar_ER_Tron_Future_loc2_fixed_wing_alt_2_7_speed_162_detection.json"
                },
                "Pfa": "tbd"
              },
              "foe_or_friend": {
                "Pd": {
                  "@file": "TRadar_ER_Tron_Future_loc2_fixed_wing_alt_2_7_speed_162_detection.json"
                }
              }
            }
          },
          "long": -77.027292,
          "lat": 38.900051
        },
        {
          "coverage_metrics": {
            "fixed_wing_alt_2_7_speed_162": {
              "target_detection": {
                "Pd": {
                  "@file": "TRadar_ER_Tron_Future_loc3_fixed_wing_alt_2_7_speed_162_detection.json"
                },
                "Pfa": "tbd"
              },
              "foe_or_friend": {
                "Pd": {
                  "@file": "TRadar_ER_Tron_Future_loc3_fixed_wing_alt_2_7_speed_162_detection.json"
                }
              }
            }
          },
          "long": -77.021713,
          "lat": 38.893371
        }
      ],
      "optional_params": "Sensor parameters for detection model",
      "ppu": 85000,
      "model": "T.Radar ER",
      "detection_period": 0.01,
      "type": "radar",
      "make": "Tron Future"
    }
  },
  "coverage_areas": {
    "prot_area_1": {
      "area": [
        9,
        10,
        14
      ]
    }
  },
  "title": "Sensor Detection Analysis",
  "config": {
    "y_length": 5,
    "long_lat_unit": "degree",
    "x_length": 4,
    "sq_side_units": "long_lat_degree",
    "square_side": 0.003,
    "time_unit": "hour",
    "earth_radius": 6371000,
    "binary_classifications": {
      "target_detection": {
        "Pd_TH": 0.8
      },
      "foe_or_friend": {
        "Pd_TH": 0.8
      }
    },
    "distance_unit": "m",
    "south_west_corner": {
      "long": -77.032013,
      "lat": 38.892102
    },
    "target_types": {
      "fixed_wing_alt_2_7_speed_162": {
        "min_altitude": 2700.0,
        "max_velocity": 45.0
      }
    }
  },
  "area_of_interest": [
    [
      -77.032013,
      38.892102
    ],
    [
      -77.0281582188854,
      38.892102
    ],
    [
      -77.02430343777078,
      38.892102
    ],
    [
      -77.032013,
      38.895102
    ],
    [
      -77.0281582188854,
      38.895102
    ],
    [
      -77.02430343777078,
      38.895102
    ],
    [
      -77.032013,
      38.898102
    ],
    [
      -77.0281582188854,
      38.898102
    ],
    [
      -77.02430343777078,
      38.898102
    ],
    [
      -77.032013,
      38.901102
    ],
    [
      -77.0281582188854,
      38.901102
    ],
    [
      -77.02430343777078,
      38.901102
    ],
    [
      -77.032013,
      38.904102
    ],
    [
      -77.0281582188854,
      38.904102
    ],
    [
      -77.02430343777078,
      38.904102
    ]
  ]
}