{
  "sensor_types": [
    "radar"
  ],
  "sensors": {
    "radar1": {
      "possible_locs": [
        {
          "coverage_metrics": {
            "fixed_wing_alt_2_8_speed_155": {
              "target_detection": {
                "Pd": {
                  "@file": "radar1_loc1_fixed_wing_alt_2_8_speed_155_detection.json"
                },
                "Pfa": "tbd"
              },
              "foe_or_friend": {
                "Pd": {
                  "@file": "radar1_loc1_fixed_wing_alt_2_8_speed_155_detection.json"
                }
              }
            }
          },
          "long": -77.029781,
          "lat": 38.897245
        },
        {
          "coverage_metrics": {
            "fixed_wing_alt_2_8_speed_155": {
              "target_detection": {
                "Pd": {
                  "@file": "radar1_loc2_fixed_wing_alt_2_8_speed_155_detection.json"
                },
                "Pfa": "tbd"
              },
              "foe_or_friend": {
                "Pd": {
                  "@file": "radar1_loc2_fixed_wing_alt_2_8_speed_155_detection.json"
                }
              }
            }
          },
          "long": -77.023773,
          "lat": 38.895175
        },
        {
          "coverage_metrics": {
            "fixed_wing_alt_2_8_speed_155": {
              "target_detection": {
                "Pd": {
                  "@file": "radar1_loc3_fixed_wing_alt_2_8_speed_155_detection.json"
                },
                "Pfa": "tbd"
              },
              "foe_or_friend": {
                "Pd": {
                  "@file": "radar1_loc3_fixed_wing_alt_2_8_speed_155_detection.json"
                }
              }
            }
          },
          "long": -77.022915,
          "lat": 38.900051
        }
      ],
      "optional_params": "Sensor parameters for detection model",
      "ppu": 75000,
      "model": "IRIS 3D Drone Radar",
      "detection_period": 0.01,
      "type": "radar",
      "make": "Robin Radar Systems"
    },
    "radar2": {
      "possible_locs": [
        {
          "coverage_metrics": {
            "fixed_wing_alt_2_8_speed_155": {
              "target_detection": {
                "Pd": {
                  "@file": "radar2_loc1_fixed_wing_alt_2_8_speed_155_detection.json"
                },
                "Pfa": "tbd"
              },
              "foe_or_friend": {
                "Pd": {
                  "@file": "radar2_loc1_fixed_wing_alt_2_8_speed_155_detection.json"
                }
              }
            }
          },
          "long": -77.029781,
          "lat": 38.897245
        },
        {
          "coverage_metrics": {
            "fixed_wing_alt_2_8_speed_155": {
              "target_detection": {
                "Pd": {
                  "@file": "radar2_loc2_fixed_wing_alt_2_8_speed_155_detection.json"
                },
                "Pfa": "tbd"
              },
              "foe_or_friend": {
                "Pd": {
                  "@file": "radar2_loc2_fixed_wing_alt_2_8_speed_155_detection.json"
                }
              }
            }
          },
          "long": -77.023773,
          "lat": 38.895175
        },
        {
          "coverage_metrics": {
            "fixed_wing_alt_2_8_speed_155": {
              "target_detection": {
                "Pd": {
                  "@file": "radar2_loc3_fixed_wing_alt_2_8_speed_155_detection.json"
                },
                "Pfa": "tbd"
              },
              "foe_or_friend": {
                "Pd": {
                  "@file": "radar2_loc3_fixed_wing_alt_2_8_speed_155_detection.json"
                }
              }
            }
          },
          "long": -77.022915,
          "lat": 38.900051
        }
      ],
      "optional_params": "Sensor parameters for detection model",
      "ppu": 65000,
      "model": "ULAB-D1",
      "detection_period": 0.01,
      "type": "radar",
      "make": "Ainstein"
    },
    "radar3": {
      "possible_locs": [
        {
          "coverage_metrics": {
            "fixed_wing_alt_2_8_speed_155": {
              "target_detection": {
                "Pd": {
                  "@file": "radar3_loc1_fixed_wing_alt_2_8_speed_155_detection.json"
                },
                "Pfa": "tbd"
              },
              "foe_or_friend": {
                "Pd": {
                  "@file": "radar3_loc1_fixed_wing_alt_2_8_speed_155_detection.json"
                }
              }
            }
          },
          "long": -77.029781,
          "lat": 38.897245
        },
        {
          "coverage_metrics": {
            "fixed_wing_alt_2_8_speed_155": {
              "target_detection": {
                "Pd": {
                  "@file": "radar3_loc2_fixed_wing_alt_2_8_speed_155_detection.json"
                },
                "Pfa": "tbd"
              },
              "foe_or_friend": {
                "Pd": {
                  "@file": "radar3_loc2_fixed_wing_alt_2_8_speed_155_detection.json"
                }
              }
            }
          },
          "long": -77.023773,
          "lat": 38.895175
        },
        {
          "coverage_metrics": {
            "fixed_wing_alt_2_8_speed_155": {
              "target_detection": {
                "Pd": {
                  "@file": "radar3_loc3_fixed_wing_alt_2_8_speed_155_detection.json"
                },
                "Pfa": "tbd"
              },
              "foe_or_friend": {
                "Pd": {
                  "@file": "radar3_loc3_fixed_wing_alt_2_8_speed_155_detection.json"
                }
              }
            }
          },
          "long": -77.022915,
          "lat": 38.900051
        }
      ],
      "optional_params": "Sensor parameters for detection model",
      "ppu": 85000,
      "model": "T.Radar ER",
      "detection_period": 0.01,
      "type": "radar",
      "make": "Tron Future"
    }
  },
  "coverage_areas": {
    "protected_area_1": {
      "area": [
        9
      ]
    }
  },
  "title": "Sensor Detection Analysis",
  "config": {
    "y_length": 4,
    "long_lat_unit": "degree",
    "x_length": 4,
    "sq_side_units": "long_lat_degree",
    "square_side": 0.003,
    "time_unit": "hour",
    "earth_radius": 6371000,
    "binary_classifications": {
      "target_detection": {
        "fixed_wing_alt_2_8_speed_155": {
          "Pd_TH": 0.8
        }
      },
      "foe_or_friend": {
        "fixed_wing_alt_2_8_speed_155": {
          "Pd_TH": 0.8
        }
      }
    },
    "distance_unit": "m",
    "south_west_corner": {
      "long": -77.031927,
      "lat": 38.892102
    },
    "target_types": {
      "fixed_wing_alt_2_8_speed_155": {
        "min_altitude": 2800.0,
        "max_velocity": 43.05555555555556
      }
    }
  },
  "area_of_interest": [
    [
      38.892102,
      -77.031927
    ],
    [
      38.892102,
      -77.02807231132887
    ],
    [
      38.892102,
      -77.02421762265776
    ],
    [
      38.895102,
      -77.031927
    ],
    [
      38.895102,
      -77.02807231132887
    ],
    [
      38.895102,
      -77.02421762265776
    ],
    [
      38.898102,
      -77.031927
    ],
    [
      38.898102,
      -77.02807231132887
    ],
    [
      38.898102,
      -77.02421762265776
    ]
  ]
}