{
  "sensor_types": [
    "radar"
  ],
  "sensors": {
    "radar1": {
      "possible_locs": [
        {
          "coverage_metrics": {
            "fixed_wing_alt_2_8_speed_161": {
              "target_detection": {
                "Pd": {
                  "@file": "radar1_loc1_fixed_wing_alt_2_8_speed_161_detection.json"
                },
                "Pfa": "tbd"
              },
              "foe_or_friend": {
                "Pd": {
                  "@file": "radar1_loc1_fixed_wing_alt_2_8_speed_161_detection.json"
                }
              }
            }
          },
          "long": -77.03064,
          "lat": 38.897446
        }
      ],
      "optional_params": "Sensor parameters for detection model",
      "ppu": 75000,
      "model": "IRIS 3D Drone Radar",
      "detection_period": 0.01,
      "type": "radar",
      "make": "Robin Radar Systems"
    },
    "radar2": {
      "possible_locs": [
        {
          "coverage_metrics": {
            "fixed_wing_alt_2_8_speed_161": {
              "target_detection": {
                "Pd": {
                  "@file": "radar2_loc1_fixed_wing_alt_2_8_speed_161_detection.json"
                },
                "Pfa": "tbd"
              },
              "foe_or_friend": {
                "Pd": {
                  "@file": "radar2_loc1_fixed_wing_alt_2_8_speed_161_detection.json"
                }
              }
            }
          },
          "long": -77.03064,
          "lat": 38.897446
        }
      ],
      "optional_params": "Sensor parameters for detection model",
      "ppu": 120000,
      "model": "XENTA-C CUAS Radar",
      "detection_period": 0.01,
      "type": "radar",
      "make": "Weibel"
    },
    "radar3": {
      "possible_locs": [
        {
          "coverage_metrics": {
            "fixed_wing_alt_2_8_speed_161": {
              "target_detection": {
                "Pd": {
                  "@file": "radar3_loc1_fixed_wing_alt_2_8_speed_161_detection.json"
                },
                "Pfa": "tbd"
              },
              "foe_or_friend": {
                "Pd": {
                  "@file": "radar3_loc1_fixed_wing_alt_2_8_speed_161_detection.json"
                }
              }
            }
          },
          "long": -77.03064,
          "lat": 38.897446
        }
      ],
      "optional_params": "Sensor parameters for detection model",
      "ppu": 85000,
      "model": "T.Radar ER",
      "detection_period": 0.01,
      "type": "radar",
      "make": "Tron Future"
    }
  },
  "coverage_areas": {
    "default_area": {
      "area": [
        0,
        1,
        2,
        4,
        5,
        6,
        8,
        9,
        10,
        12,
        13,
        14
      ]
    }
  },
  "title": "Sensor Detection Analysis",
  "config": {
    "y_length": 4,
    "long_lat_unit": "degree",
    "x_length": 4,
    "sq_side_units": "long_lat_degree",
    "square_side": 0.003,
    "time_unit": "hour",
    "earth_radius": 6371000,
    "binary_classifications": {
      "target_detection": {
        "fixed_wing_alt_2_8_speed_161": {
          "Pd_TH": 0.8
        }
      },
      "foe_or_friend": {
        "fixed_wing_alt_2_8_speed_161": {
          "Pd_TH": 0.8
        }
      }
    },
    "distance_unit": "m",
    "south_west_corner": {
      "long": -77.032185,
      "lat": 38.891834
    },
    "target_types": {
      "fixed_wing_alt_2_8_speed_161": {
        "min_altitude": 2800.0,
        "max_velocity": 44.72222222222222
      }
    }
  },
  "area_of_interest": [
    [
      38.891834,
      -77.032185
    ],
    [
      38.891834,
      -77.02833031681119
    ],
    [
      38.891834,
      -77.02447563362237
    ],
    [
      38.894834,
      -77.032185
    ],
    [
      38.894834,
      -77.02833031681119
    ],
    [
      38.894834,
      -77.02447563362237
    ],
    [
      38.897834,
      -77.032185
    ],
    [
      38.897834,
      -77.02833031681119
    ],
    [
      38.897834,
      -77.02447563362237
    ],
    [
      38.900834,
      -77.032185
    ],
    [
      38.900834,
      -77.02833031681119
    ],
    [
      38.900834,
      -77.02447563362237
    ]
  ]
}