{
  "sensor_types": [
    "radar"
  ],
  "sensors": {
    "radar1": {
      "possible_locs": [
        {
          "coverage_metrics": {
            "fixed_wing_alt_2_5_speed_147": {
              "target_detection": {
                "Pd": {
                  "@file": "radar1_loc1_fixed_wing_alt_2_5_speed_147_detection.json"
                },
                "Pfa": "tbd"
              },
              "foe_or_friend": {
                "Pd": {
                  "@file": "radar1_loc1_fixed_wing_alt_2_5_speed_147_detection.json"
                }
              }
            }
          },
          "long": -77.005663,
          "lat": 38.905595
        }
      ],
      "optional_params": "Sensor parameters for detection model",
      "ppu": 75000,
      "model": "IRIS 3D Drone Radar",
      "detection_period": 0.01,
      "type": "radar",
      "make": "Robin Radar Systems"
    }
  },
  "coverage_areas": {
    "protected_area_1": {
      "area": [
        28,
        29,
        40,
        41,
        42,
        53,
        54,
        55
      ]
    }
  },
  "title": "Sensor Detection Analysis",
  "config": {
    "y_length": 9,
    "long_lat_unit": "degree",
    "x_length": 13,
    "sq_side_units": "long_lat_degree",
    "square_side": 0.003,
    "time_unit": "hour",
    "earth_radius": 6371000,
    "binary_classifications": {
      "target_detection": {
        "Pd_TH": 0.8
      },
      "foe_or_friend": {
        "Pd_TH": 0.8
      }
    },
    "distance_unit": "m",
    "south_west_corner": {
      "long": -77.03167,
      "lat": 38.892102
    },
    "target_types": {
      "fixed_wing_alt_2_5_speed_147": {
        "min_altitude": 2500.0,
        "max_velocity": 40.833333333333336
      }
    }
  },
  "area_of_interest": [
    [
      -77.03167,
      38.892102
    ],
    [
      -77.02781491066571,
      38.892102
    ],
    [
      -77.02395982133142,
      38.892102
    ],
    [
      -77.02010473199712,
      38.892102
    ],
    [
      -77.01624964266283,
      38.892102
    ],
    [
      -77.01239455332853,
      38.892102
    ],
    [
      -77.00853946399424,
      38.892102
    ],
    [
      -77.00468437465996,
      38.892102
    ],
    [
      -77.00082928532566,
      38.892102
    ],
    [
      -76.99697419599137,
      38.892102
    ],
    [
      -76.99311910665708,
      38.892102
    ],
    [
      -76.98926401732278,
      38.892102
    ],
    [
      -76.98540892798849,
      38.892102
    ],
    [
      -77.03167,
      38.895102
    ],
    [
      -77.02781491066571,
      38.895102
    ],
    [
      -77.02395982133142,
      38.895102
    ],
    [
      -77.02010473199712,
      38.895102
    ],
    [
      -77.01624964266283,
      38.895102
    ],
    [
      -77.01239455332853,
      38.895102
    ],
    [
      -77.00853946399424,
      38.895102
    ],
    [
      -77.00468437465996,
      38.895102
    ],
    [
      -77.00082928532566,
      38.895102
    ],
    [
      -76.99697419599137,
      38.895102
    ],
    [
      -76.99311910665708,
      38.895102
    ],
    [
      -76.98926401732278,
      38.895102
    ],
    [
      -76.98540892798849,
      38.895102
    ],
    [
      -77.03167,
      38.898102
    ],
    [
      -77.02781491066571,
      38.898102
    ],
    [
      -77.02395982133142,
      38.898102
    ],
    [
      -77.02010473199712,
      38.898102
    ],
    [
      -77.01624964266283,
      38.898102
    ],
    [
      -77.01239455332853,
      38.898102
    ],
    [
      -77.00853946399424,
      38.898102
    ],
    [
      -77.00468437465996,
      38.898102
    ],
    [
      -77.00082928532566,
      38.898102
    ],
    [
      -76.99697419599137,
      38.898102
    ],
    [
      -76.99311910665708,
      38.898102
    ],
    [
      -76.98926401732278,
      38.898102
    ],
    [
      -76.98540892798849,
      38.898102
    ],
    [
      -77.03167,
      38.901102
    ],
    [
      -77.02781491066571,
      38.901102
    ],
    [
      -77.02395982133142,
      38.901102
    ],
    [
      -77.02010473199712,
      38.901102
    ],
    [
      -77.01624964266283,
      38.901102
    ],
    [
      -77.01239455332853,
      38.901102
    ],
    [
      -77.00853946399424,
      38.901102
    ],
    [
      -77.00468437465996,
      38.901102
    ],
    [
      -77.00082928532566,
      38.901102
    ],
    [
      -76.99697419599137,
      38.901102
    ],
    [
      -76.99311910665708,
      38.901102
    ],
    [
      -76.98926401732278,
      38.901102
    ],
    [
      -76.98540892798849,
      38.901102
    ],
    [
      -77.03167,
      38.904102
    ],
    [
      -77.02781491066571,
      38.904102
    ],
    [
      -77.02395982133142,
      38.904102
    ],
    [
      -77.02010473199712,
      38.904102
    ],
    [
      -77.01624964266283,
      38.904102
    ],
    [
      -77.01239455332853,
      38.904102
    ],
    [
      -77.00853946399424,
      38.904102
    ],
    [
      -77.00468437465996,
      38.904102
    ],
    [
      -77.00082928532566,
      38.904102
    ],
    [
      -76.99697419599137,
      38.904102
    ],
    [
      -76.99311910665708,
      38.904102
    ],
    [
      -76.98926401732278,
      38.904102
    ],
    [
      -76.98540892798849,
      38.904102
    ],
    [
      -77.03167,
      38.907102
    ],
    [
      -77.02781491066571,
      38.907102
    ],
    [
      -77.02395982133142,
      38.907102
    ],
    [
      -77.02010473199712,
      38.907102
    ],
    [
      -77.01624964266283,
      38.907102
    ],
    [
      -77.01239455332853,
      38.907102
    ],
    [
      -77.00853946399424,
      38.907102
    ],
    [
      -77.00468437465996,
      38.907102
    ],
    [
      -77.00082928532566,
      38.907102
    ],
    [
      -76.99697419599137,
      38.907102
    ],
    [
      -76.99311910665708,
      38.907102
    ],
    [
      -76.98926401732278,
      38.907102
    ],
    [
      -76.98540892798849,
      38.907102
    ],
    [
      -77.03167,
      38.910102
    ],
    [
      -77.02781491066571,
      38.910102
    ],
    [
      -77.02395982133142,
      38.910102
    ],
    [
      -77.02010473199712,
      38.910102
    ],
    [
      -77.01624964266283,
      38.910102
    ],
    [
      -77.01239455332853,
      38.910102
    ],
    [
      -77.00853946399424,
      38.910102
    ],
    [
      -77.00468437465996,
      38.910102
    ],
    [
      -77.00082928532566,
      38.910102
    ],
    [
      -76.99697419599137,
      38.910102
    ],
    [
      -76.99311910665708,
      38.910102
    ],
    [
      -76.98926401732278,
      38.910102
    ],
    [
      -76.98540892798849,
      38.910102
    ],
    [
      -77.03167,
      38.913102
    ],
    [
      -77.02781491066571,
      38.913102
    ],
    [
      -77.02395982133142,
      38.913102
    ],
    [
      -77.02010473199712,
      38.913102
    ],
    [
      -77.01624964266283,
      38.913102
    ],
    [
      -77.01239455332853,
      38.913102
    ],
    [
      -77.00853946399424,
      38.913102
    ],
    [
      -77.00468437465996,
      38.913102
    ],
    [
      -77.00082928532566,
      38.913102
    ],
    [
      -76.99697419599137,
      38.913102
    ],
    [
      -76.99311910665708,
      38.913102
    ],
    [
      -76.98926401732278,
      38.913102
    ],
    [
      -76.98540892798849,
      38.913102
    ]
  ]
}