{
  "sensor_types": [
    "rf"
  ],
  "sensors": {
    "RF_360_Dedrone": {
      "possible_locs": [
        {
          "coverage_metrics": {
            "fixed_wing_alt_2_6_speed_175": {
              "target_detection": {
                "Pd": {
                  "@file": "RF_360_Dedrone_loc1_fixed_wing_alt_2_6_speed_175_detection.json"
                },
                "Pfa": "tbd"
              },
              "foe_or_friend": {
                "Pd": {
                  "@file": "RF_360_Dedrone_loc1_fixed_wing_alt_2_6_speed_175_detection.json"
                }
              }
            }
          },
          "long": -77.024975,
          "lat": 38.900185
        }
      ],
      "optional_params": "Sensor parameters for detection model",
      "ppu": 25000,
      "model": "RF-360",
      "detection_period": 0.01,
      "type": "rf",
      "make": "Dedrone"
    },
    "TSensor_Tron_Future": {
      "possible_locs": [
        {
          "coverage_metrics": {
            "fixed_wing_alt_2_6_speed_175": {
              "target_detection": {
                "Pd": {
                  "@file": "TSensor_Tron_Future_loc1_fixed_wing_alt_2_6_speed_175_detection.json"
                },
                "Pfa": "tbd"
              },
              "foe_or_friend": {
                "Pd": {
                  "@file": "TSensor_Tron_Future_loc1_fixed_wing_alt_2_6_speed_175_detection.json"
                }
              }
            }
          },
          "long": -77.024975,
          "lat": 38.900185
        }
      ],
      "optional_params": "Sensor parameters for detection model",
      "ppu": 28000,
      "model": "T.Sensor",
      "detection_period": 0.01,
      "type": "rf",
      "make": "Tron Future"
    }
  },
  "coverage_areas": {
    "protected_area_1": {
      "area": [
        42,
        43,
        53,
        63
      ]
    }
  },
  "title": "Sensor Detection Analysis",
  "config": {
    "y_length": 9,
    "long_lat_unit": "degree",
    "x_length": 10,
    "sq_side_units": "long_lat_degree",
    "square_side": 0.003,
    "time_unit": "hour",
    "earth_radius": 6371000,
    "binary_classifications": {
      "target_detection": {
        "Pd_TH": 0.8
      },
      "foe_or_friend": {
        "Pd_TH": 0.8
      }
    },
    "distance_unit": "m",
    "south_west_corner": {
      "long": -77.032013,
      "lat": 38.891968
    },
    "target_types": {
      "fixed_wing_alt_2_6_speed_175": {
        "min_altitude": 2600.0,
        "max_velocity": 48.61111111111111
      }
    }
  },
  "area_of_interest": [
    [
      -77.032013,
      38.891968
    ],
    [
      -77.02815791794194,
      38.891968
    ],
    [
      -77.02430283588387,
      38.891968
    ],
    [
      -77.0204477538258,
      38.891968
    ],
    [
      -77.01659267176774,
      38.891968
    ],
    [
      -77.01273758970967,
      38.891968
    ],
    [
      -77.0088825076516,
      38.891968
    ],
    [
      -77.00502742559354,
      38.891968
    ],
    [
      -77.00117234353547,
      38.891968
    ],
    [
      -76.9973172614774,
      38.891968
    ],
    [
      -77.032013,
      38.894968
    ],
    [
      -77.02815791794194,
      38.894968
    ],
    [
      -77.02430283588387,
      38.894968
    ],
    [
      -77.0204477538258,
      38.894968
    ],
    [
      -77.01659267176774,
      38.894968
    ],
    [
      -77.01273758970967,
      38.894968
    ],
    [
      -77.0088825076516,
      38.894968
    ],
    [
      -77.00502742559354,
      38.894968
    ],
    [
      -77.00117234353547,
      38.894968
    ],
    [
      -76.9973172614774,
      38.894968
    ],
    [
      -77.032013,
      38.897968
    ],
    [
      -77.02815791794194,
      38.897968
    ],
    [
      -77.02430283588387,
      38.897968
    ],
    [
      -77.0204477538258,
      38.897968
    ],
    [
      -77.01659267176774,
      38.897968
    ],
    [
      -77.01273758970967,
      38.897968
    ],
    [
      -77.0088825076516,
      38.897968
    ],
    [
      -77.00502742559354,
      38.897968
    ],
    [
      -77.00117234353547,
      38.897968
    ],
    [
      -76.9973172614774,
      38.897968
    ],
    [
      -77.032013,
      38.900968
    ],
    [
      -77.02815791794194,
      38.900968
    ],
    [
      -77.02430283588387,
      38.900968
    ],
    [
      -77.0204477538258,
      38.900968
    ],
    [
      -77.01659267176774,
      38.900968
    ],
    [
      -77.01273758970967,
      38.900968
    ],
    [
      -77.0088825076516,
      38.900968
    ],
    [
      -77.00502742559354,
      38.900968
    ],
    [
      -77.00117234353547,
      38.900968
    ],
    [
      -76.9973172614774,
      38.900968
    ],
    [
      -77.032013,
      38.903968
    ],
    [
      -77.02815791794194,
      38.903968
    ],
    [
      -77.02430283588387,
      38.903968
    ],
    [
      -77.0204477538258,
      38.903968
    ],
    [
      -77.01659267176774,
      38.903968
    ],
    [
      -77.01273758970967,
      38.903968
    ],
    [
      -77.0088825076516,
      38.903968
    ],
    [
      -77.00502742559354,
      38.903968
    ],
    [
      -77.00117234353547,
      38.903968
    ],
    [
      -76.9973172614774,
      38.903968
    ],
    [
      -77.032013,
      38.906968
    ],
    [
      -77.02815791794194,
      38.906968
    ],
    [
      -77.02430283588387,
      38.906968
    ],
    [
      -77.0204477538258,
      38.906968
    ],
    [
      -77.01659267176774,
      38.906968
    ],
    [
      -77.01273758970967,
      38.906968
    ],
    [
      -77.0088825076516,
      38.906968
    ],
    [
      -77.00502742559354,
      38.906968
    ],
    [
      -77.00117234353547,
      38.906968
    ],
    [
      -76.9973172614774,
      38.906968
    ],
    [
      -77.032013,
      38.909968
    ],
    [
      -77.02815791794194,
      38.909968
    ],
    [
      -77.02430283588387,
      38.909968
    ],
    [
      -77.0204477538258,
      38.909968
    ],
    [
      -77.01659267176774,
      38.909968
    ],
    [
      -77.01273758970967,
      38.909968
    ],
    [
      -77.0088825076516,
      38.909968
    ],
    [
      -77.00502742559354,
      38.909968
    ],
    [
      -77.00117234353547,
      38.909968
    ],
    [
      -76.9973172614774,
      38.909968
    ],
    [
      -77.032013,
      38.912968
    ],
    [
      -77.02815791794194,
      38.912968
    ],
    [
      -77.02430283588387,
      38.912968
    ],
    [
      -77.0204477538258,
      38.912968
    ],
    [
      -77.01659267176774,
      38.912968
    ],
    [
      -77.01273758970967,
      38.912968
    ],
    [
      -77.0088825076516,
      38.912968
    ],
    [
      -77.00502742559354,
      38.912968
    ],
    [
      -77.00117234353547,
      38.912968
    ],
    [
      -76.9973172614774,
      38.912968
    ]
  ]
}