{
  "sensor_types": [
    "radar"
  ],
  "sensors": {
    "radar1": {
      "possible_locs": [
        {
          "coverage_metrics": {
            "fixed_wing_alt_2_8_speed_161": {
              "target_detection": {
                "Pd": {
                  "@file": "radar1_loc1_fixed_wing_alt_2_8_speed_161_detection.json"
                },
                "Pfa": "tbd"
              },
              "foe_or_friend": {
                "Pd": {
                  "@file": "radar1_loc1_fixed_wing_alt_2_8_speed_161_detection.json"
                }
              }
            }
          },
          "long": -77.030983,
          "lat": 38.918017
        },
        {
          "coverage_metrics": {
            "fixed_wing_alt_2_8_speed_161": {
              "target_detection": {
                "Pd": {
                  "@file": "radar1_loc2_fixed_wing_alt_2_8_speed_161_detection.json"
                },
                "Pfa": "tbd"
              },
              "foe_or_friend": {
                "Pd": {
                  "@file": "radar1_loc2_fixed_wing_alt_2_8_speed_161_detection.json"
                }
              }
            }
          },
          "long": -76.997595,
          "lat": 38.902856
        }
      ],
      "optional_params": "Sensor parameters for detection model",
      "ppu": 75000,
      "model": "IRIS 3D Drone Radar",
      "detection_period": 0.01,
      "type": "radar",
      "make": "Robin Radar Systems"
    },
    "radar2": {
      "possible_locs": [
        {
          "coverage_metrics": {
            "fixed_wing_alt_2_8_speed_161": {
              "target_detection": {
                "Pd": {
                  "@file": "radar2_loc1_fixed_wing_alt_2_8_speed_161_detection.json"
                },
                "Pfa": "tbd"
              },
              "foe_or_friend": {
                "Pd": {
                  "@file": "radar2_loc1_fixed_wing_alt_2_8_speed_161_detection.json"
                }
              }
            }
          },
          "long": -77.030983,
          "lat": 38.918017
        },
        {
          "coverage_metrics": {
            "fixed_wing_alt_2_8_speed_161": {
              "target_detection": {
                "Pd": {
                  "@file": "radar2_loc2_fixed_wing_alt_2_8_speed_161_detection.json"
                },
                "Pfa": "tbd"
              },
              "foe_or_friend": {
                "Pd": {
                  "@file": "radar2_loc2_fixed_wing_alt_2_8_speed_161_detection.json"
                }
              }
            }
          },
          "long": -76.997595,
          "lat": 38.902856
        }
      ],
      "optional_params": "Sensor parameters for detection model",
      "ppu": 48000,
      "model": "DroneWatcher DSR",
      "detection_period": 0.01,
      "type": "radar",
      "make": "DeTect"
    }
  },
  "coverage_areas": {
    "prot_area_1": {
      "area": [
        80,
        94,
        95,
        108,
        109,
        110,
        121,
        122,
        123,
        124,
        137,
        138,
        139
      ]
    }
  },
  "title": "Sensor Detection Analysis",
  "config": {
    "y_length": 14,
    "long_lat_unit": "degree",
    "x_length": 15,
    "sq_side_units": "long_lat_degree",
    "square_side": 0.00288,
    "time_unit": "hour",
    "earth_radius": 6371000,
    "binary_classifications": {
      "target_detection": {
        "fixed_wing_alt_2_8_speed_161": {
          "Pd_TH": 0.8
        }
      },
      "foe_or_friend": {
        "fixed_wing_alt_2_8_speed_161": {
          "Pd_TH": 0.8
        }
      }
    },
    "distance_unit": "m",
    "south_west_corner": {
      "long": -77.036476,
      "lat": 38.88649
    },
    "target_types": {
      "fixed_wing_alt_2_8_speed_161": {
        "min_altitude": 2800.0,
        "max_velocity": 44.72222222222222
      }
    }
  },
  "area_of_interest": [
    [
      38.88649,
      -77.036476
    ],
    [
      38.88649,
      -77.0327750377379
    ],
    [
      38.88649,
      -77.0290740754758
    ],
    [
      38.88649,
      -77.02537311321372
    ],
    [
      38.88649,
      -77.02167215095163
    ],
    [
      38.88649,
      -77.01797118868954
    ],
    [
      38.88649,
      -77.01427022642744
    ],
    [
      38.88649,
      -77.01056926416535
    ],
    [
      38.88649,
      -77.00686830190327
    ],
    [
      38.88649,
      -77.00316733964118
    ],
    [
      38.88649,
      -76.99946637737908
    ],
    [
      38.88649,
      -76.99576541511699
    ],
    [
      38.88649,
      -76.9920644528549
    ],
    [
      38.88649,
      -76.9883634905928
    ],
    [
      38.88649,
      -76.98466252833072
    ],
    [
      38.88937,
      -77.036476
    ],
    [
      38.88937,
      -77.0327750377379
    ],
    [
      38.88937,
      -77.0290740754758
    ],
    [
      38.88937,
      -77.02537311321372
    ],
    [
      38.88937,
      -77.02167215095163
    ],
    [
      38.88937,
      -77.01797118868954
    ],
    [
      38.88937,
      -77.01427022642744
    ],
    [
      38.88937,
      -77.01056926416535
    ],
    [
      38.88937,
      -77.00686830190327
    ],
    [
      38.88937,
      -77.00316733964118
    ],
    [
      38.88937,
      -76.99946637737908
    ],
    [
      38.88937,
      -76.99576541511699
    ],
    [
      38.88937,
      -76.9920644528549
    ],
    [
      38.88937,
      -76.9883634905928
    ],
    [
      38.88937,
      -76.98466252833072
    ],
    [
      38.892250000000004,
      -77.036476
    ],
    [
      38.892250000000004,
      -77.0327750377379
    ],
    [
      38.892250000000004,
      -77.0290740754758
    ],
    [
      38.892250000000004,
      -77.02537311321372
    ],
    [
      38.892250000000004,
      -77.02167215095163
    ],
    [
      38.892250000000004,
      -77.01797118868954
    ],
    [
      38.892250000000004,
      -77.01427022642744
    ],
    [
      38.892250000000004,
      -77.01056926416535
    ],
    [
      38.892250000000004,
      -77.00686830190327
    ],
    [
      38.892250000000004,
      -77.00316733964118
    ],
    [
      38.892250000000004,
      -76.99946637737908
    ],
    [
      38.892250000000004,
      -76.99576541511699
    ],
    [
      38.892250000000004,
      -76.9920644528549
    ],
    [
      38.892250000000004,
      -76.9883634905928
    ],
    [
      38.892250000000004,
      -76.98466252833072
    ],
    [
      38.89513,
      -77.036476
    ],
    [
      38.89513,
      -77.0327750377379
    ],
    [
      38.89513,
      -77.0290740754758
    ],
    [
      38.89513,
      -77.02537311321372
    ],
    [
      38.89513,
      -77.02167215095163
    ],
    [
      38.89513,
      -77.01797118868954
    ],
    [
      38.89513,
      -77.01427022642744
    ],
    [
      38.89513,
      -77.01056926416535
    ],
    [
      38.89513,
      -77.00686830190327
    ],
    [
      38.89513,
      -77.00316733964118
    ],
    [
      38.89513,
      -76.99946637737908
    ],
    [
      38.89513,
      -76.99576541511699
    ],
    [
      38.89513,
      -76.9920644528549
    ],
    [
      38.89513,
      -76.9883634905928
    ],
    [
      38.89513,
      -76.98466252833072
    ],
    [
      38.89801,
      -77.036476
    ],
    [
      38.89801,
      -77.0327750377379
    ],
    [
      38.89801,
      -77.0290740754758
    ],
    [
      38.89801,
      -77.02537311321372
    ],
    [
      38.89801,
      -77.02167215095163
    ],
    [
      38.89801,
      -77.01797118868954
    ],
    [
      38.89801,
      -77.01427022642744
    ],
    [
      38.89801,
      -77.01056926416535
    ],
    [
      38.89801,
      -77.00686830190327
    ],
    [
      38.89801,
      -77.00316733964118
    ],
    [
      38.89801,
      -76.99946637737908
    ],
    [
      38.89801,
      -76.99576541511699
    ],
    [
      38.89801,
      -76.9920644528549
    ],
    [
      38.89801,
      -76.9883634905928
    ],
    [
      38.89801,
      -76.98466252833072
    ],
    [
      38.900890000000004,
      -77.036476
    ],
    [
      38.900890000000004,
      -77.0327750377379
    ],
    [
      38.900890000000004,
      -77.0290740754758
    ],
    [
      38.900890000000004,
      -77.02537311321372
    ],
    [
      38.900890000000004,
      -77.02167215095163
    ],
    [
      38.900890000000004,
      -77.01797118868954
    ],
    [
      38.900890000000004,
      -77.01427022642744
    ],
    [
      38.900890000000004,
      -77.01056926416535
    ],
    [
      38.900890000000004,
      -77.00686830190327
    ],
    [
      38.900890000000004,
      -77.00316733964118
    ],
    [
      38.900890000000004,
      -76.99946637737908
    ],
    [
      38.900890000000004,
      -76.99576541511699
    ],
    [
      38.900890000000004,
      -76.9920644528549
    ],
    [
      38.900890000000004,
      -76.9883634905928
    ],
    [
      38.900890000000004,
      -76.98466252833072
    ],
    [
      38.90377,
      -77.036476
    ],
    [
      38.90377,
      -77.0327750377379
    ],
    [
      38.90377,
      -77.0290740754758
    ],
    [
      38.90377,
      -77.02537311321372
    ],
    [
      38.90377,
      -77.02167215095163
    ],
    [
      38.90377,
      -77.01797118868954
    ],
    [
      38.90377,
      -77.01427022642744
    ],
    [
      38.90377,
      -77.01056926416535
    ],
    [
      38.90377,
      -77.00686830190327
    ],
    [
      38.90377,
      -77.00316733964118
    ],
    [
      38.90377,
      -76.99946637737908
    ],
    [
      38.90377,
      -76.99576541511699
    ],
    [
      38.90377,
      -76.9920644528549
    ],
    [
      38.90377,
      -76.9883634905928
    ],
    [
      38.90377,
      -76.98466252833072
    ],
    [
      38.90665,
      -77.036476
    ],
    [
      38.90665,
      -77.0327750377379
    ],
    [
      38.90665,
      -77.0290740754758
    ],
    [
      38.90665,
      -77.02537311321372
    ],
    [
      38.90665,
      -77.02167215095163
    ],
    [
      38.90665,
      -77.01797118868954
    ],
    [
      38.90665,
      -77.01427022642744
    ],
    [
      38.90665,
      -77.01056926416535
    ],
    [
      38.90665,
      -77.00686830190327
    ],
    [
      38.90665,
      -77.00316733964118
    ],
    [
      38.90665,
      -76.99946637737908
    ],
    [
      38.90665,
      -76.99576541511699
    ],
    [
      38.90665,
      -76.9920644528549
    ],
    [
      38.90665,
      -76.9883634905928
    ],
    [
      38.90665,
      -76.98466252833072
    ],
    [
      38.909530000000004,
      -77.036476
    ],
    [
      38.909530000000004,
      -77.0327750377379
    ],
    [
      38.909530000000004,
      -77.0290740754758
    ],
    [
      38.909530000000004,
      -77.02537311321372
    ],
    [
      38.909530000000004,
      -77.02167215095163
    ],
    [
      38.909530000000004,
      -77.01797118868954
    ],
    [
      38.909530000000004,
      -77.01427022642744
    ],
    [
      38.909530000000004,
      -77.01056926416535
    ],
    [
      38.909530000000004,
      -77.00686830190327
    ],
    [
      38.909530000000004,
      -77.00316733964118
    ],
    [
      38.909530000000004,
      -76.99946637737908
    ],
    [
      38.909530000000004,
      -76.99576541511699
    ],
    [
      38.909530000000004,
      -76.9920644528549
    ],
    [
      38.909530000000004,
      -76.9883634905928
    ],
    [
      38.909530000000004,
      -76.98466252833072
    ],
    [
      38.91241,
      -77.036476
    ],
    [
      38.91241,
      -77.0327750377379
    ],
    [
      38.91241,
      -77.0290740754758
    ],
    [
      38.91241,
      -77.02537311321372
    ],
    [
      38.91241,
      -77.02167215095163
    ],
    [
      38.91241,
      -77.01797118868954
    ],
    [
      38.91241,
      -77.01427022642744
    ],
    [
      38.91241,
      -77.01056926416535
    ],
    [
      38.91241,
      -77.00686830190327
    ],
    [
      38.91241,
      -77.00316733964118
    ],
    [
      38.91241,
      -76.99946637737908
    ],
    [
      38.91241,
      -76.99576541511699
    ],
    [
      38.91241,
      -76.9920644528549
    ],
    [
      38.91241,
      -76.9883634905928
    ],
    [
      38.91241,
      -76.98466252833072
    ],
    [
      38.91529,
      -77.036476
    ],
    [
      38.91529,
      -77.0327750377379
    ],
    [
      38.91529,
      -77.0290740754758
    ],
    [
      38.91529,
      -77.02537311321372
    ],
    [
      38.91529,
      -77.02167215095163
    ],
    [
      38.91529,
      -77.01797118868954
    ],
    [
      38.91529,
      -77.01427022642744
    ],
    [
      38.91529,
      -77.01056926416535
    ],
    [
      38.91529,
      -77.00686830190327
    ],
    [
      38.91529,
      -77.00316733964118
    ],
    [
      38.91529,
      -76.99946637737908
    ],
    [
      38.91529,
      -76.99576541511699
    ],
    [
      38.91529,
      -76.9920644528549
    ],
    [
      38.91529,
      -76.9883634905928
    ],
    [
      38.91529,
      -76.98466252833072
    ],
    [
      38.91817,
      -77.036476
    ],
    [
      38.91817,
      -77.0327750377379
    ],
    [
      38.91817,
      -77.0290740754758
    ],
    [
      38.91817,
      -77.02537311321372
    ],
    [
      38.91817,
      -77.02167215095163
    ],
    [
      38.91817,
      -77.01797118868954
    ],
    [
      38.91817,
      -77.01427022642744
    ],
    [
      38.91817,
      -77.01056926416535
    ],
    [
      38.91817,
      -77.00686830190327
    ],
    [
      38.91817,
      -77.00316733964118
    ],
    [
      38.91817,
      -76.99946637737908
    ],
    [
      38.91817,
      -76.99576541511699
    ],
    [
      38.91817,
      -76.9920644528549
    ],
    [
      38.91817,
      -76.9883634905928
    ],
    [
      38.91817,
      -76.98466252833072
    ],
    [
      38.92105,
      -77.036476
    ],
    [
      38.92105,
      -77.0327750377379
    ],
    [
      38.92105,
      -77.0290740754758
    ],
    [
      38.92105,
      -77.02537311321372
    ],
    [
      38.92105,
      -77.02167215095163
    ],
    [
      38.92105,
      -77.01797118868954
    ],
    [
      38.92105,
      -77.01427022642744
    ],
    [
      38.92105,
      -77.01056926416535
    ],
    [
      38.92105,
      -77.00686830190327
    ],
    [
      38.92105,
      -77.00316733964118
    ],
    [
      38.92105,
      -76.99946637737908
    ],
    [
      38.92105,
      -76.99576541511699
    ],
    [
      38.92105,
      -76.9920644528549
    ],
    [
      38.92105,
      -76.9883634905928
    ],
    [
      38.92105,
      -76.98466252833072
    ],
    [
      38.92393,
      -77.036476
    ],
    [
      38.92393,
      -77.0327750377379
    ],
    [
      38.92393,
      -77.0290740754758
    ],
    [
      38.92393,
      -77.02537311321372
    ],
    [
      38.92393,
      -77.02167215095163
    ],
    [
      38.92393,
      -77.01797118868954
    ],
    [
      38.92393,
      -77.01427022642744
    ],
    [
      38.92393,
      -77.01056926416535
    ],
    [
      38.92393,
      -77.00686830190327
    ],
    [
      38.92393,
      -77.00316733964118
    ],
    [
      38.92393,
      -76.99946637737908
    ],
    [
      38.92393,
      -76.99576541511699
    ],
    [
      38.92393,
      -76.9920644528549
    ],
    [
      38.92393,
      -76.9883634905928
    ],
    [
      38.92393,
      -76.98466252833072
    ]
  ]
}