{
  "sensor_types": [
    "radar"
  ],
  "sensors": {
    "radar1": {
      "possible_locs": [
        {
          "coverage_metrics": {
            "fixed_wing_alt_1_6_speed_171": {
              "target_detection": {
                "Pd": {
                  "@file": "radar1_loc1_fixed_wing_alt_1_6_speed_171_detection.json"
                },
                "Pfa": "tbd"
              },
              "foe_or_friend": {
                "Pd": {
                  "@file": "radar1_loc1_fixed_wing_alt_1_6_speed_171_detection.json"
                }
              }
            }
          },
          "long": -77.030039,
          "lat": 38.899116
        }
      ],
      "optional_params": "Sensor parameters for detection model",
      "ppu": 75000,
      "model": "IRIS 3D Drone Radar",
      "detection_period": 0.01,
      "type": "radar",
      "make": "Robin Radar Systems"
    }
  },
  "coverage_areas": {
    "protected_area_1": {
      "area": [
        25,
        35,
        44,
        45,
        53,
        54,
        55,
        62,
        63,
        64,
        65,
        73,
        74,
        75,
        85
      ]
    }
  },
  "title": "Sensor Detection Analysis",
  "config": {
    "y_length": 11,
    "long_lat_unit": "degree",
    "x_length": 10,
    "sq_side_units": "long_lat_degree",
    "square_side": 0.001,
    "time_unit": "hour",
    "earth_radius": 6371000,
    "binary_classifications": {
      "target_detection": {
        "fixed_wing_alt_1_6_speed_171": {
          "Pd_TH": 0.8
        }
      },
      "foe_or_friend": {
        "fixed_wing_alt_1_6_speed_171": {
          "Pd_TH": 0.8
        }
      }
    },
    "distance_unit": "m",
    "south_west_corner": {
      "long": -77.032099,
      "lat": 38.892035
    },
    "target_types": {
      "fixed_wing_alt_1_6_speed_171": {
        "min_altitude": 1550.0,
        "max_velocity": 47.5
      }
    }
  },
  "area_of_interest": [
    [
      38.892035,
      -77.032099
    ],
    [
      38.892035,
      -77.03081410378535
    ],
    [
      38.892035,
      -77.02952920757068
    ],
    [
      38.892035,
      -77.02824431135602
    ],
    [
      38.892035,
      -77.02695941514136
    ],
    [
      38.892035,
      -77.0256745189267
    ],
    [
      38.892035,
      -77.02438962271204
    ],
    [
      38.892035,
      -77.02310472649738
    ],
    [
      38.892035,
      -77.02181983028272
    ],
    [
      38.893035,
      -77.032099
    ],
    [
      38.893035,
      -77.03081410378535
    ],
    [
      38.893035,
      -77.02952920757068
    ],
    [
      38.893035,
      -77.02824431135602
    ],
    [
      38.893035,
      -77.02695941514136
    ],
    [
      38.893035,
      -77.0256745189267
    ],
    [
      38.893035,
      -77.02438962271204
    ],
    [
      38.893035,
      -77.02310472649738
    ],
    [
      38.893035,
      -77.02181983028272
    ],
    [
      38.894035,
      -77.032099
    ],
    [
      38.894035,
      -77.03081410378535
    ],
    [
      38.894035,
      -77.02952920757068
    ],
    [
      38.894035,
      -77.02824431135602
    ],
    [
      38.894035,
      -77.02695941514136
    ],
    [
      38.894035,
      -77.0256745189267
    ],
    [
      38.894035,
      -77.02438962271204
    ],
    [
      38.894035,
      -77.02310472649738
    ],
    [
      38.894035,
      -77.02181983028272
    ],
    [
      38.895035,
      -77.032099
    ],
    [
      38.895035,
      -77.03081410378535
    ],
    [
      38.895035,
      -77.02952920757068
    ],
    [
      38.895035,
      -77.02824431135602
    ],
    [
      38.895035,
      -77.02695941514136
    ],
    [
      38.895035,
      -77.0256745189267
    ],
    [
      38.895035,
      -77.02438962271204
    ],
    [
      38.895035,
      -77.02310472649738
    ],
    [
      38.895035,
      -77.02181983028272
    ],
    [
      38.896035,
      -77.032099
    ],
    [
      38.896035,
      -77.03081410378535
    ],
    [
      38.896035,
      -77.02952920757068
    ],
    [
      38.896035,
      -77.02824431135602
    ],
    [
      38.896035,
      -77.02695941514136
    ],
    [
      38.896035,
      -77.0256745189267
    ],
    [
      38.896035,
      -77.02438962271204
    ],
    [
      38.896035,
      -77.02310472649738
    ],
    [
      38.896035,
      -77.02181983028272
    ],
    [
      38.897035,
      -77.032099
    ],
    [
      38.897035,
      -77.03081410378535
    ],
    [
      38.897035,
      -77.02952920757068
    ],
    [
      38.897035,
      -77.02824431135602
    ],
    [
      38.897035,
      -77.02695941514136
    ],
    [
      38.897035,
      -77.0256745189267
    ],
    [
      38.897035,
      -77.02438962271204
    ],
    [
      38.897035,
      -77.02310472649738
    ],
    [
      38.897035,
      -77.02181983028272
    ],
    [
      38.898035,
      -77.032099
    ],
    [
      38.898035,
      -77.03081410378535
    ],
    [
      38.898035,
      -77.02952920757068
    ],
    [
      38.898035,
      -77.02824431135602
    ],
    [
      38.898035,
      -77.02695941514136
    ],
    [
      38.898035,
      -77.0256745189267
    ],
    [
      38.898035,
      -77.02438962271204
    ],
    [
      38.898035,
      -77.02310472649738
    ],
    [
      38.898035,
      -77.02181983028272
    ],
    [
      38.899035,
      -77.032099
    ],
    [
      38.899035,
      -77.03081410378535
    ],
    [
      38.899035,
      -77.02952920757068
    ],
    [
      38.899035,
      -77.02824431135602
    ],
    [
      38.899035,
      -77.02695941514136
    ],
    [
      38.899035,
      -77.0256745189267
    ],
    [
      38.899035,
      -77.02438962271204
    ],
    [
      38.899035,
      -77.02310472649738
    ],
    [
      38.899035,
      -77.02181983028272
    ],
    [
      38.900035,
      -77.032099
    ],
    [
      38.900035,
      -77.03081410378535
    ],
    [
      38.900035,
      -77.02952920757068
    ],
    [
      38.900035,
      -77.02824431135602
    ],
    [
      38.900035,
      -77.02695941514136
    ],
    [
      38.900035,
      -77.0256745189267
    ],
    [
      38.900035,
      -77.02438962271204
    ],
    [
      38.900035,
      -77.02310472649738
    ],
    [
      38.900035,
      -77.02181983028272
    ],
    [
      38.901035,
      -77.032099
    ],
    [
      38.901035,
      -77.03081410378535
    ],
    [
      38.901035,
      -77.02952920757068
    ],
    [
      38.901035,
      -77.02824431135602
    ],
    [
      38.901035,
      -77.02695941514136
    ],
    [
      38.901035,
      -77.0256745189267
    ],
    [
      38.901035,
      -77.02438962271204
    ],
    [
      38.901035,
      -77.02310472649738
    ],
    [
      38.901035,
      -77.02181983028272
    ]
  ]
}