{
  "sensor_types": [
    "radar"
  ],
  "sensors": {
    "IRIS_3D_Drone_Radar_Robin_Radar_Systems": {
      "possible_locs": [
        {
          "coverage_metrics": {
            "fixed_wing_alt_2_8_speed_166": {
              "target_detection": {
                "Pd": {
                  "@file": "IRIS_3D_Drone_Radar_Robin_Radar_Systems_loc1_fixed_wing_alt_2_8_speed_166_detection.json"
                },
                "Pfa": "tbd"
              },
              "foe_or_friend": {
                "Pd": {
                  "@file": "IRIS_3D_Drone_Radar_Robin_Radar_Systems_loc1_fixed_wing_alt_2_8_speed_166_detection.json"
                }
              }
            },
            "vtol_alt_1_8_speed_135": {
              "target_detection": {
                "Pd": {
                  "@file": "IRIS_3D_Drone_Radar_Robin_Radar_Systems_loc1_vtol_alt_1_8_speed_135_detection.json"
                },
                "Pfa": "tbd"
              },
              "foe_or_friend": {
                "Pd": {
                  "@file": "IRIS_3D_Drone_Radar_Robin_Radar_Systems_loc1_vtol_alt_1_8_speed_135_detection.json"
                }
              }
            }
          },
          "long": -77.028837,
          "lat": 38.900251
        },
        {
          "coverage_metrics": {
            "fixed_wing_alt_2_8_speed_166": {
              "target_detection": {
                "Pd": {
                  "@file": "IRIS_3D_Drone_Radar_Robin_Radar_Systems_loc2_fixed_wing_alt_2_8_speed_166_detection.json"
                },
                "Pfa": "tbd"
              },
              "foe_or_friend": {
                "Pd": {
                  "@file": "IRIS_3D_Drone_Radar_Robin_Radar_Systems_loc2_fixed_wing_alt_2_8_speed_166_detection.json"
                }
              }
            },
            "vtol_alt_1_8_speed_135": {
              "target_detection": {
                "Pd": {
                  "@file": "IRIS_3D_Drone_Radar_Robin_Radar_Systems_loc2_vtol_alt_1_8_speed_135_detection.json"
                },
                "Pfa": "tbd"
              },
              "foe_or_friend": {
                "Pd": {
                  "@file": "IRIS_3D_Drone_Radar_Robin_Radar_Systems_loc2_vtol_alt_1_8_speed_135_detection.json"
                }
              }
            }
          },
          "long": -77.022142,
          "lat": 38.897513
        },
        {
          "coverage_metrics": {
            "fixed_wing_alt_2_8_speed_166": {
              "target_detection": {
                "Pd": {
                  "@file": "IRIS_3D_Drone_Radar_Robin_Radar_Systems_loc3_fixed_wing_alt_2_8_speed_166_detection.json"
                },
                "Pfa": "tbd"
              },
              "foe_or_friend": {
                "Pd": {
                  "@file": "IRIS_3D_Drone_Radar_Robin_Radar_Systems_loc3_fixed_wing_alt_2_8_speed_166_detection.json"
                }
              }
            },
            "vtol_alt_1_8_speed_135": {
              "target_detection": {
                "Pd": {
                  "@file": "IRIS_3D_Drone_Radar_Robin_Radar_Systems_loc3_vtol_alt_1_8_speed_135_detection.json"
                },
                "Pfa": "tbd"
              },
              "foe_or_friend": {
                "Pd": {
                  "@file": "IRIS_3D_Drone_Radar_Robin_Radar_Systems_loc3_vtol_alt_1_8_speed_135_detection.json"
                }
              }
            }
          },
          "long": -77.025232,
          "lat": 38.893571
        }
      ],
      "optional_params": "Sensor parameters for detection model",
      "ppu": 75000,
      "model": "IRIS 3D Drone Radar",
      "detection_period": 0.01,
      "type": "radar",
      "make": "Robin Radar Systems"
    },
    "DroneWatcher_DSR_DeTect": {
      "possible_locs": [
        {
          "coverage_metrics": {
            "fixed_wing_alt_2_8_speed_166": {
              "target_detection": {
                "Pd": {
                  "@file": "DroneWatcher_DSR_DeTect_loc1_fixed_wing_alt_2_8_speed_166_detection.json"
                },
                "Pfa": "tbd"
              },
              "foe_or_friend": {
                "Pd": {
                  "@file": "DroneWatcher_DSR_DeTect_loc1_fixed_wing_alt_2_8_speed_166_detection.json"
                }
              }
            },
            "vtol_alt_1_8_speed_135": {
              "target_detection": {
                "Pd": {
                  "@file": "DroneWatcher_DSR_DeTect_loc1_vtol_alt_1_8_speed_135_detection.json"
                },
                "Pfa": "tbd"
              },
              "foe_or_friend": {
                "Pd": {
                  "@file": "DroneWatcher_DSR_DeTect_loc1_vtol_alt_1_8_speed_135_detection.json"
                }
              }
            }
          },
          "long": -77.028837,
          "lat": 38.900251
        },
        {
          "coverage_metrics": {
            "fixed_wing_alt_2_8_speed_166": {
              "target_detection": {
                "Pd": {
                  "@file": "DroneWatcher_DSR_DeTect_loc2_fixed_wing_alt_2_8_speed_166_detection.json"
                },
                "Pfa": "tbd"
              },
              "foe_or_friend": {
                "Pd": {
                  "@file": "DroneWatcher_DSR_DeTect_loc2_fixed_wing_alt_2_8_speed_166_detection.json"
                }
              }
            },
            "vtol_alt_1_8_speed_135": {
              "target_detection": {
                "Pd": {
                  "@file": "DroneWatcher_DSR_DeTect_loc2_vtol_alt_1_8_speed_135_detection.json"
                },
                "Pfa": "tbd"
              },
              "foe_or_friend": {
                "Pd": {
                  "@file": "DroneWatcher_DSR_DeTect_loc2_vtol_alt_1_8_speed_135_detection.json"
                }
              }
            }
          },
          "long": -77.022142,
          "lat": 38.897513
        },
        {
          "coverage_metrics": {
            "fixed_wing_alt_2_8_speed_166": {
              "target_detection": {
                "Pd": {
                  "@file": "DroneWatcher_DSR_DeTect_loc3_fixed_wing_alt_2_8_speed_166_detection.json"
                },
                "Pfa": "tbd"
              },
              "foe_or_friend": {
                "Pd": {
                  "@file": "DroneWatcher_DSR_DeTect_loc3_fixed_wing_alt_2_8_speed_166_detection.json"
                }
              }
            },
            "vtol_alt_1_8_speed_135": {
              "target_detection": {
                "Pd": {
                  "@file": "DroneWatcher_DSR_DeTect_loc3_vtol_alt_1_8_speed_135_detection.json"
                },
                "Pfa": "tbd"
              },
              "foe_or_friend": {
                "Pd": {
                  "@file": "DroneWatcher_DSR_DeTect_loc3_vtol_alt_1_8_speed_135_detection.json"
                }
              }
            }
          },
          "long": -77.025232,
          "lat": 38.893571
        }
      ],
      "optional_params": "Sensor parameters for detection model",
      "ppu": 48000,
      "model": "DroneWatcher DSR",
      "detection_period": 0.01,
      "type": "radar",
      "make": "DeTect"
    },
    "XENTA_C_CUAS_Radar_Weibel": {
      "possible_locs": [
        {
          "coverage_metrics": {
            "fixed_wing_alt_2_8_speed_166": {
              "target_detection": {
                "Pd": {
                  "@file": "XENTA_C_CUAS_Radar_Weibel_loc1_fixed_wing_alt_2_8_speed_166_detection.json"
                },
                "Pfa": "tbd"
              },
              "foe_or_friend": {
                "Pd": {
                  "@file": "XENTA_C_CUAS_Radar_Weibel_loc1_fixed_wing_alt_2_8_speed_166_detection.json"
                }
              }
            },
            "vtol_alt_1_8_speed_135": {
              "target_detection": {
                "Pd": {
                  "@file": "XENTA_C_CUAS_Radar_Weibel_loc1_vtol_alt_1_8_speed_135_detection.json"
                },
                "Pfa": "tbd"
              },
              "foe_or_friend": {
                "Pd": {
                  "@file": "XENTA_C_CUAS_Radar_Weibel_loc1_vtol_alt_1_8_speed_135_detection.json"
                }
              }
            }
          },
          "long": -77.028837,
          "lat": 38.900251
        },
        {
          "coverage_metrics": {
            "fixed_wing_alt_2_8_speed_166": {
              "target_detection": {
                "Pd": {
                  "@file": "XENTA_C_CUAS_Radar_Weibel_loc2_fixed_wing_alt_2_8_speed_166_detection.json"
                },
                "Pfa": "tbd"
              },
              "foe_or_friend": {
                "Pd": {
                  "@file": "XENTA_C_CUAS_Radar_Weibel_loc2_fixed_wing_alt_2_8_speed_166_detection.json"
                }
              }
            },
            "vtol_alt_1_8_speed_135": {
              "target_detection": {
                "Pd": {
                  "@file": "XENTA_C_CUAS_Radar_Weibel_loc2_vtol_alt_1_8_speed_135_detection.json"
                },
                "Pfa": "tbd"
              },
              "foe_or_friend": {
                "Pd": {
                  "@file": "XENTA_C_CUAS_Radar_Weibel_loc2_vtol_alt_1_8_speed_135_detection.json"
                }
              }
            }
          },
          "long": -77.022142,
          "lat": 38.897513
        },
        {
          "coverage_metrics": {
            "fixed_wing_alt_2_8_speed_166": {
              "target_detection": {
                "Pd": {
                  "@file": "XENTA_C_CUAS_Radar_Weibel_loc3_fixed_wing_alt_2_8_speed_166_detection.json"
                },
                "Pfa": "tbd"
              },
              "foe_or_friend": {
                "Pd": {
                  "@file": "XENTA_C_CUAS_Radar_Weibel_loc3_fixed_wing_alt_2_8_speed_166_detection.json"
                }
              }
            },
            "vtol_alt_1_8_speed_135": {
              "target_detection": {
                "Pd": {
                  "@file": "XENTA_C_CUAS_Radar_Weibel_loc3_vtol_alt_1_8_speed_135_detection.json"
                },
                "Pfa": "tbd"
              },
              "foe_or_friend": {
                "Pd": {
                  "@file": "XENTA_C_CUAS_Radar_Weibel_loc3_vtol_alt_1_8_speed_135_detection.json"
                }
              }
            }
          },
          "long": -77.025232,
          "lat": 38.893571
        }
      ],
      "optional_params": "Sensor parameters for detection model",
      "ppu": 120000,
      "model": "XENTA-C CUAS Radar",
      "detection_period": 0.01,
      "type": "radar",
      "make": "Weibel"
    }
  },
  "coverage_areas": {
    "protected_area_1": {
      "area": [
        5,
        6,
        11,
        12,
        16,
        17
      ]
    }
  },
  "title": "Sensor Detection Analysis",
  "config": {
    "y_length": 6,
    "long_lat_unit": "degree",
    "x_length": 5,
    "sq_side_units": "long_lat_degree",
    "square_side": 0.002,
    "time_unit": "hour",
    "earth_radius": 6371000,
    "binary_classifications": {
      "target_detection": {
        "Pd_TH": 0.7
      },
      "foe_or_friend": {
        "Pd_TH": 0.7
      }
    },
    "distance_unit": "m",
    "south_west_corner": {
      "long": -77.032013,
      "lat": 38.892102
    },
    "target_types": {
      "fixed_wing_alt_2_8_speed_166": {
        "min_altitude": 2800.0,
        "max_velocity": 46.11111111111111
      },
      "vtol_alt_1_8_speed_135": {
        "min_altitude": 1800.0,
        "max_velocity": 37.5
      }
    }
  },
  "area_of_interest": [
    [
      -77.032013,
      38.892102
    ],
    [
      -77.0294432039339,
      38.892102
    ],
    [
      -77.02687340786777,
      38.892102
    ],
    [
      -77.02430361180166,
      38.892102
    ],
    [
      -77.02173381573553,
      38.892102
    ],
    [
      -77.032013,
      38.894102000000004
    ],
    [
      -77.0294432039339,
      38.894102000000004
    ],
    [
      -77.02687340786777,
      38.894102000000004
    ],
    [
      -77.02430361180166,
      38.894102000000004
    ],
    [
      -77.02173381573553,
      38.894102000000004
    ],
    [
      -77.032013,
      38.896102
    ],
    [
      -77.0294432039339,
      38.896102
    ],
    [
      -77.02687340786777,
      38.896102
    ],
    [
      -77.02430361180166,
      38.896102
    ],
    [
      -77.02173381573553,
      38.896102
    ],
    [
      -77.032013,
      38.898102
    ],
    [
      -77.0294432039339,
      38.898102
    ],
    [
      -77.02687340786777,
      38.898102
    ],
    [
      -77.02430361180166,
      38.898102
    ],
    [
      -77.02173381573553,
      38.898102
    ],
    [
      -77.032013,
      38.900102000000004
    ],
    [
      -77.0294432039339,
      38.900102000000004
    ],
    [
      -77.02687340786777,
      38.900102000000004
    ],
    [
      -77.02430361180166,
      38.900102000000004
    ],
    [
      -77.02173381573553,
      38.900102000000004
    ]
  ]
}