{
  "sensor_types": [
    "radar"
  ],
  "sensors": {
    "radar1": {
      "possible_locs": [
        {
          "coverage_metrics": {
            "fixed_wing_alt_1_6_speed_117": {
              "target_detection": {
                "Pd": {
                  "@file": "radar1_loc1_fixed_wing_alt_1_6_speed_117_detection.json"
                },
                "Pfa": "tbd"
              },
              "foe_or_friend": {
                "Pd": {
                  "@file": "radar1_loc1_fixed_wing_alt_1_6_speed_117_detection.json"
                }
              }
            }
          },
          "long": -77.029524,
          "lat": 38.896911
        }
      ],
      "optional_params": "Sensor parameters for detection model",
      "ppu": 75000,
      "model": "IRIS 3D Drone Radar",
      "detection_period": 0.01,
      "type": "radar",
      "make": "Robin Radar Systems"
    }
  },
  "coverage_areas": {
    "default_area": {
      "area": [
        0,
        1,
        2,
        4,
        5,
        6,
        8,
        9,
        10
      ]
    }
  },
  "title": "Sensor Detection Analysis",
  "config": {
    "y_length": 4,
    "long_lat_unit": "degree",
    "x_length": 4,
    "sq_side_units": "long_lat_degree",
    "square_side": 0.003,
    "time_unit": "hour",
    "earth_radius": 6371000,
    "binary_classifications": {
      "target_detection": {
        "fixed_wing_alt_1_6_speed_117": {
          "Pd_TH": 0.8
        }
      },
      "foe_or_friend": {
        "fixed_wing_alt_1_6_speed_117": {
          "Pd_TH": 0.8
        }
      }
    },
    "distance_unit": "m",
    "south_west_corner": {
      "long": -77.031841,
      "lat": 38.891968
    },
    "target_types": {
      "fixed_wing_alt_1_6_speed_117": {
        "min_altitude": 1550.0,
        "max_velocity": 32.5
      }
    }
  },
  "area_of_interest": [
    [
      38.891968,
      -77.031841
    ],
    [
      38.891968,
      -77.02798632403042
    ],
    [
      38.891968,
      -77.02413164806086
    ],
    [
      38.894968,
      -77.031841
    ],
    [
      38.894968,
      -77.02798632403042
    ],
    [
      38.894968,
      -77.02413164806086
    ],
    [
      38.897968,
      -77.031841
    ],
    [
      38.897968,
      -77.02798632403042
    ],
    [
      38.897968,
      -77.02413164806086
    ]
  ]
}