{
  "sensor_types": [
    "rf",
    "radar"
  ],
  "sensors": {
    "IRIS_3D_Drone_Radar_Robin_Radar_Systems": {
      "possible_locs": [
        {
          "coverage_metrics": {
            "fixed_wing_alt_2_6_speed_158": {
              "target_detection": {
                "Pd": {
                  "@file": "IRIS_3D_Drone_Radar_Robin_Radar_Systems_loc1_fixed_wing_alt_2_6_speed_158_detection.json"
                },
                "Pfa": "tbd"
              },
              "foe_or_friend": {
                "Pd": {
                  "@file": "IRIS_3D_Drone_Radar_Robin_Radar_Systems_loc1_fixed_wing_alt_2_6_speed_158_detection.json"
                }
              }
            },
            "fixed_wing_alt_2_2_speed_170": {
              "target_detection": {
                "Pd": {
                  "@file": "IRIS_3D_Drone_Radar_Robin_Radar_Systems_loc1_fixed_wing_alt_2_2_speed_170_detection.json"
                },
                "Pfa": "tbd"
              },
              "foe_or_friend": {
                "Pd": {
                  "@file": "IRIS_3D_Drone_Radar_Robin_Radar_Systems_loc1_fixed_wing_alt_2_2_speed_170_detection.json"
                }
              }
            }
          },
          "long": -77.02652,
          "lat": 38.907999
        },
        {
          "coverage_metrics": {
            "fixed_wing_alt_2_6_speed_158": {
              "target_detection": {
                "Pd": {
                  "@file": "IRIS_3D_Drone_Radar_Robin_Radar_Systems_loc2_fixed_wing_alt_2_6_speed_158_detection.json"
                },
                "Pfa": "tbd"
              },
              "foe_or_friend": {
                "Pd": {
                  "@file": "IRIS_3D_Drone_Radar_Robin_Radar_Systems_loc2_fixed_wing_alt_2_6_speed_158_detection.json"
                }
              }
            },
            "fixed_wing_alt_2_2_speed_170": {
              "target_detection": {
                "Pd": {
                  "@file": "IRIS_3D_Drone_Radar_Robin_Radar_Systems_loc2_fixed_wing_alt_2_2_speed_170_detection.json"
                },
                "Pfa": "tbd"
              },
              "foe_or_friend": {
                "Pd": {
                  "@file": "IRIS_3D_Drone_Radar_Robin_Radar_Systems_loc2_fixed_wing_alt_2_2_speed_170_detection.json"
                }
              }
            }
          },
          "long": -77.000513,
          "lat": 38.898181
        }
      ],
      "optional_params": "Sensor parameters for detection model",
      "ppu": 75000,
      "model": "IRIS 3D Drone Radar",
      "detection_period": 0.01,
      "type": "radar",
      "make": "Robin Radar Systems"
    },
    "RF_360_Dedrone": {
      "possible_locs": [
        {
          "coverage_metrics": {
            "fixed_wing_alt_2_6_speed_158": {
              "target_detection": {
                "Pd": {
                  "@file": "RF_360_Dedrone_loc1_fixed_wing_alt_2_6_speed_158_detection.json"
                },
                "Pfa": "tbd"
              },
              "foe_or_friend": {
                "Pd": {
                  "@file": "RF_360_Dedrone_loc1_fixed_wing_alt_2_6_speed_158_detection.json"
                }
              }
            },
            "fixed_wing_alt_2_2_speed_170": {
              "target_detection": {
                "Pd": {
                  "@file": "RF_360_Dedrone_loc1_fixed_wing_alt_2_2_speed_170_detection.json"
                },
                "Pfa": "tbd"
              },
              "foe_or_friend": {
                "Pd": {
                  "@file": "RF_360_Dedrone_loc1_fixed_wing_alt_2_2_speed_170_detection.json"
                }
              }
            }
          },
          "long": -77.02652,
          "lat": 38.907999
        },
        {
          "coverage_metrics": {
            "fixed_wing_alt_2_6_speed_158": {
              "target_detection": {
                "Pd": {
                  "@file": "RF_360_Dedrone_loc2_fixed_wing_alt_2_6_speed_158_detection.json"
                },
                "Pfa": "tbd"
              },
              "foe_or_friend": {
                "Pd": {
                  "@file": "RF_360_Dedrone_loc2_fixed_wing_alt_2_6_speed_158_detection.json"
                }
              }
            },
            "fixed_wing_alt_2_2_speed_170": {
              "target_detection": {
                "Pd": {
                  "@file": "RF_360_Dedrone_loc2_fixed_wing_alt_2_2_speed_170_detection.json"
                },
                "Pfa": "tbd"
              },
              "foe_or_friend": {
                "Pd": {
                  "@file": "RF_360_Dedrone_loc2_fixed_wing_alt_2_2_speed_170_detection.json"
                }
              }
            }
          },
          "long": -77.000513,
          "lat": 38.898181
        }
      ],
      "optional_params": "Sensor parameters for detection model",
      "ppu": 25000,
      "model": "RF-360",
      "detection_period": 0.01,
      "type": "rf",
      "make": "Dedrone"
    }
  },
  "coverage_areas": {
    "protected_area_1": {
      "area": [
        13,
        21,
        22,
        23,
        32,
        33
      ]
    }
  },
  "title": "Sensor Detection Analysis",
  "config": {
    "y_length": 9,
    "long_lat_unit": "degree",
    "x_length": 10,
    "sq_side_units": "long_lat_degree",
    "square_side": 0.003,
    "time_unit": "hour",
    "earth_radius": 6371000,
    "binary_classifications": {
      "target_detection": {
        "Pd_TH": 0.8
      },
      "foe_or_friend": {
        "Pd_TH": 0.8
      }
    },
    "distance_unit": "m",
    "south_west_corner": {
      "long": -77.031841,
      "lat": 38.893304
    },
    "target_types": {
      "fixed_wing_alt_2_6_speed_158": {
        "min_altitude": 2600.0,
        "max_velocity": 43.888888888888886
      },
      "fixed_wing_alt_2_2_speed_170": {
        "min_altitude": 2200.0,
        "max_velocity": 47.22222222222222
      }
    }
  },
  "area_of_interest": [
    [
      -77.031841,
      38.893304
    ],
    [
      -77.02798587078135,
      38.893304
    ],
    [
      -77.0241307415627,
      38.893304
    ],
    [
      -77.02027561234405,
      38.893304
    ],
    [
      -77.0164204831254,
      38.893304
    ],
    [
      -77.01256535390674,
      38.893304
    ],
    [
      -77.00871022468809,
      38.893304
    ],
    [
      -77.00485509546944,
      38.893304
    ],
    [
      -77.00099996625079,
      38.893304
    ],
    [
      -76.99714483703214,
      38.893304
    ],
    [
      -77.031841,
      38.896304
    ],
    [
      -77.02798587078135,
      38.896304
    ],
    [
      -77.0241307415627,
      38.896304
    ],
    [
      -77.02027561234405,
      38.896304
    ],
    [
      -77.0164204831254,
      38.896304
    ],
    [
      -77.01256535390674,
      38.896304
    ],
    [
      -77.00871022468809,
      38.896304
    ],
    [
      -77.00485509546944,
      38.896304
    ],
    [
      -77.00099996625079,
      38.896304
    ],
    [
      -76.99714483703214,
      38.896304
    ],
    [
      -77.031841,
      38.899304
    ],
    [
      -77.02798587078135,
      38.899304
    ],
    [
      -77.0241307415627,
      38.899304
    ],
    [
      -77.02027561234405,
      38.899304
    ],
    [
      -77.0164204831254,
      38.899304
    ],
    [
      -77.01256535390674,
      38.899304
    ],
    [
      -77.00871022468809,
      38.899304
    ],
    [
      -77.00485509546944,
      38.899304
    ],
    [
      -77.00099996625079,
      38.899304
    ],
    [
      -76.99714483703214,
      38.899304
    ],
    [
      -77.031841,
      38.902304
    ],
    [
      -77.02798587078135,
      38.902304
    ],
    [
      -77.0241307415627,
      38.902304
    ],
    [
      -77.02027561234405,
      38.902304
    ],
    [
      -77.0164204831254,
      38.902304
    ],
    [
      -77.01256535390674,
      38.902304
    ],
    [
      -77.00871022468809,
      38.902304
    ],
    [
      -77.00485509546944,
      38.902304
    ],
    [
      -77.00099996625079,
      38.902304
    ],
    [
      -76.99714483703214,
      38.902304
    ],
    [
      -77.031841,
      38.905304
    ],
    [
      -77.02798587078135,
      38.905304
    ],
    [
      -77.0241307415627,
      38.905304
    ],
    [
      -77.02027561234405,
      38.905304
    ],
    [
      -77.0164204831254,
      38.905304
    ],
    [
      -77.01256535390674,
      38.905304
    ],
    [
      -77.00871022468809,
      38.905304
    ],
    [
      -77.00485509546944,
      38.905304
    ],
    [
      -77.00099996625079,
      38.905304
    ],
    [
      -76.99714483703214,
      38.905304
    ],
    [
      -77.031841,
      38.908304
    ],
    [
      -77.02798587078135,
      38.908304
    ],
    [
      -77.0241307415627,
      38.908304
    ],
    [
      -77.02027561234405,
      38.908304
    ],
    [
      -77.0164204831254,
      38.908304
    ],
    [
      -77.01256535390674,
      38.908304
    ],
    [
      -77.00871022468809,
      38.908304
    ],
    [
      -77.00485509546944,
      38.908304
    ],
    [
      -77.00099996625079,
      38.908304
    ],
    [
      -76.99714483703214,
      38.908304
    ],
    [
      -77.031841,
      38.911304
    ],
    [
      -77.02798587078135,
      38.911304
    ],
    [
      -77.0241307415627,
      38.911304
    ],
    [
      -77.02027561234405,
      38.911304
    ],
    [
      -77.0164204831254,
      38.911304
    ],
    [
      -77.01256535390674,
      38.911304
    ],
    [
      -77.00871022468809,
      38.911304
    ],
    [
      -77.00485509546944,
      38.911304
    ],
    [
      -77.00099996625079,
      38.911304
    ],
    [
      -76.99714483703214,
      38.911304
    ],
    [
      -77.031841,
      38.914304
    ],
    [
      -77.02798587078135,
      38.914304
    ],
    [
      -77.0241307415627,
      38.914304
    ],
    [
      -77.02027561234405,
      38.914304
    ],
    [
      -77.0164204831254,
      38.914304
    ],
    [
      -77.01256535390674,
      38.914304
    ],
    [
      -77.00871022468809,
      38.914304
    ],
    [
      -77.00485509546944,
      38.914304
    ],
    [
      -77.00099996625079,
      38.914304
    ],
    [
      -76.99714483703214,
      38.914304
    ]
  ]
}