{
  "sensor_types": [
    "radar"
  ],
  "sensors": {
    "radar1": {
      "possible_locs": [
        {
          "coverage_metrics": {
            "fixed_wing_alt_2_8_speed_168": {
              "target_detection": {
                "Pd": {
                  "@file": "radar1_loc1_fixed_wing_alt_2_8_speed_168_detection.json"
                },
                "Pfa": "tbd"
              },
              "foe_or_friend": {
                "Pd": {
                  "@file": "radar1_loc1_fixed_wing_alt_2_8_speed_168_detection.json"
                }
              }
            }
          },
          "long": -77.030511,
          "lat": 38.896544
        },
        {
          "coverage_metrics": {
            "fixed_wing_alt_2_8_speed_168": {
              "target_detection": {
                "Pd": {
                  "@file": "radar1_loc2_fixed_wing_alt_2_8_speed_168_detection.json"
                },
                "Pfa": "tbd"
              },
              "foe_or_friend": {
                "Pd": {
                  "@file": "radar1_loc2_fixed_wing_alt_2_8_speed_168_detection.json"
                }
              }
            }
          },
          "long": -77.02652,
          "lat": 38.899517
        },
        {
          "coverage_metrics": {
            "fixed_wing_alt_2_8_speed_168": {
              "target_detection": {
                "Pd": {
                  "@file": "radar1_loc3_fixed_wing_alt_2_8_speed_168_detection.json"
                },
                "Pfa": "tbd"
              },
              "foe_or_friend": {
                "Pd": {
                  "@file": "radar1_loc3_fixed_wing_alt_2_8_speed_168_detection.json"
                }
              }
            }
          },
          "long": -77.022228,
          "lat": 38.893638
        }
      ],
      "optional_params": "Sensor parameters for detection model",
      "ppu": 75000,
      "model": "IRIS 3D Drone Radar",
      "detection_period": 0.01,
      "type": "radar",
      "make": "Robin Radar Systems"
    },
    "radar2": {
      "possible_locs": [
        {
          "coverage_metrics": {
            "fixed_wing_alt_2_8_speed_168": {
              "target_detection": {
                "Pd": {
                  "@file": "radar2_loc1_fixed_wing_alt_2_8_speed_168_detection.json"
                },
                "Pfa": "tbd"
              },
              "foe_or_friend": {
                "Pd": {
                  "@file": "radar2_loc1_fixed_wing_alt_2_8_speed_168_detection.json"
                }
              }
            }
          },
          "long": -77.030511,
          "lat": 38.896544
        },
        {
          "coverage_metrics": {
            "fixed_wing_alt_2_8_speed_168": {
              "target_detection": {
                "Pd": {
                  "@file": "radar2_loc2_fixed_wing_alt_2_8_speed_168_detection.json"
                },
                "Pfa": "tbd"
              },
              "foe_or_friend": {
                "Pd": {
                  "@file": "radar2_loc2_fixed_wing_alt_2_8_speed_168_detection.json"
                }
              }
            }
          },
          "long": -77.02652,
          "lat": 38.899517
        },
        {
          "coverage_metrics": {
            "fixed_wing_alt_2_8_speed_168": {
              "target_detection": {
                "Pd": {
                  "@file": "radar2_loc3_fixed_wing_alt_2_8_speed_168_detection.json"
                },
                "Pfa": "tbd"
              },
              "foe_or_friend": {
                "Pd": {
                  "@file": "radar2_loc3_fixed_wing_alt_2_8_speed_168_detection.json"
                }
              }
            }
          },
          "long": -77.022228,
          "lat": 38.893638
        }
      ],
      "optional_params": "Sensor parameters for detection model",
      "ppu": 120000,
      "model": "XENTA-C CUAS Radar",
      "detection_period": 0.01,
      "type": "radar",
      "make": "Weibel"
    },
    "radar3": {
      "possible_locs": [
        {
          "coverage_metrics": {
            "fixed_wing_alt_2_8_speed_168": {
              "target_detection": {
                "Pd": {
                  "@file": "radar3_loc1_fixed_wing_alt_2_8_speed_168_detection.json"
                },
                "Pfa": "tbd"
              },
              "foe_or_friend": {
                "Pd": {
                  "@file": "radar3_loc1_fixed_wing_alt_2_8_speed_168_detection.json"
                }
              }
            }
          },
          "long": -77.030511,
          "lat": 38.896544
        },
        {
          "coverage_metrics": {
            "fixed_wing_alt_2_8_speed_168": {
              "target_detection": {
                "Pd": {
                  "@file": "radar3_loc2_fixed_wing_alt_2_8_speed_168_detection.json"
                },
                "Pfa": "tbd"
              },
              "foe_or_friend": {
                "Pd": {
                  "@file": "radar3_loc2_fixed_wing_alt_2_8_speed_168_detection.json"
                }
              }
            }
          },
          "long": -77.02652,
          "lat": 38.899517
        },
        {
          "coverage_metrics": {
            "fixed_wing_alt_2_8_speed_168": {
              "target_detection": {
                "Pd": {
                  "@file": "radar3_loc3_fixed_wing_alt_2_8_speed_168_detection.json"
                },
                "Pfa": "tbd"
              },
              "foe_or_friend": {
                "Pd": {
                  "@file": "radar3_loc3_fixed_wing_alt_2_8_speed_168_detection.json"
                }
              }
            }
          },
          "long": -77.022228,
          "lat": 38.893638
        }
      ],
      "optional_params": "Sensor parameters for detection model",
      "ppu": 85000,
      "model": "T.Radar ER",
      "detection_period": 0.01,
      "type": "radar",
      "make": "Tron Future"
    }
  },
  "coverage_areas": {
    "protected_area_1": {
      "area": [
        6,
        9,
        10
      ]
    }
  },
  "title": "Sensor Detection Analysis",
  "config": {
    "y_length": 4,
    "long_lat_unit": "degree",
    "x_length": 4,
    "sq_side_units": "long_lat_degree",
    "square_side": 0.003,
    "time_unit": "hour",
    "earth_radius": 6371000,
    "binary_classifications": {
      "target_detection": {
        "fixed_wing_alt_2_8_speed_168": {
          "Pd_TH": 0.8
        }
      },
      "foe_or_friend": {
        "fixed_wing_alt_2_8_speed_168": {
          "Pd_TH": 0.8
        }
      }
    },
    "distance_unit": "m",
    "south_west_corner": {
      "long": -77.032013,
      "lat": 38.891968
    },
    "target_types": {
      "fixed_wing_alt_2_8_speed_168": {
        "min_altitude": 2800.0,
        "max_velocity": 46.666666666666664
      }
    }
  },
  "area_of_interest": [
    [
      38.891968,
      -77.032013
    ],
    [
      38.891968,
      -77.02815831496567
    ],
    [
      38.891968,
      -77.02430362993132
    ],
    [
      38.894968,
      -77.032013
    ],
    [
      38.894968,
      -77.02815831496567
    ],
    [
      38.894968,
      -77.02430362993132
    ],
    [
      38.897968,
      -77.032013
    ],
    [
      38.897968,
      -77.02815831496567
    ],
    [
      38.897968,
      -77.02430362993132
    ]
  ]
}