{
  "sensor_types": [
    "rf",
    "radar"
  ],
  "sensors": {
    "IRIS_3D_Drone_Radar_Robin_Radar_Systems": {
      "possible_locs": [
        {
          "coverage_metrics": {
            "fixed_wing_alt_2_8_speed_157": {
              "target_detection": {
                "Pd": {
                  "@file": "IRIS_3D_Drone_Radar_Robin_Radar_Systems_loc1_fixed_wing_alt_2_8_speed_157_detection.json"
                },
                "Pfa": "tbd"
              },
              "foe_or_friend": {
                "Pd": {
                  "@file": "IRIS_3D_Drone_Radar_Robin_Radar_Systems_loc1_fixed_wing_alt_2_8_speed_157_detection.json"
                }
              }
            }
          },
          "long": -77.029095,
          "lat": 38.896845
        },
        {
          "coverage_metrics": {
            "fixed_wing_alt_2_8_speed_157": {
              "target_detection": {
                "Pd": {
                  "@file": "IRIS_3D_Drone_Radar_Robin_Radar_Systems_loc2_fixed_wing_alt_2_8_speed_157_detection.json"
                },
                "Pfa": "tbd"
              },
              "foe_or_friend": {
                "Pd": {
                  "@file": "IRIS_3D_Drone_Radar_Robin_Radar_Systems_loc2_fixed_wing_alt_2_8_speed_157_detection.json"
                }
              }
            }
          },
          "long": -77.019482,
          "lat": 38.897446
        },
        {
          "coverage_metrics": {
            "fixed_wing_alt_2_8_speed_157": {
              "target_detection": {
                "Pd": {
                  "@file": "IRIS_3D_Drone_Radar_Robin_Radar_Systems_loc3_fixed_wing_alt_2_8_speed_157_detection.json"
                },
                "Pfa": "tbd"
              },
              "foe_or_friend": {
                "Pd": {
                  "@file": "IRIS_3D_Drone_Radar_Robin_Radar_Systems_loc3_fixed_wing_alt_2_8_speed_157_detection.json"
                }
              }
            }
          },
          "long": -77.025404,
          "lat": 38.902188
        }
      ],
      "optional_params": "Sensor parameters for detection model",
      "ppu": 75000,
      "model": "IRIS 3D Drone Radar",
      "detection_period": 0.01,
      "type": "radar",
      "make": "Robin Radar Systems"
    },
    "RF_360_Dedrone": {
      "possible_locs": [
        {
          "coverage_metrics": {
            "fixed_wing_alt_2_8_speed_157": {
              "target_detection": {
                "Pd": {
                  "@file": "RF_360_Dedrone_loc1_fixed_wing_alt_2_8_speed_157_detection.json"
                },
                "Pfa": "tbd"
              },
              "foe_or_friend": {
                "Pd": {
                  "@file": "RF_360_Dedrone_loc1_fixed_wing_alt_2_8_speed_157_detection.json"
                }
              }
            }
          },
          "long": -77.029095,
          "lat": 38.896845
        },
        {
          "coverage_metrics": {
            "fixed_wing_alt_2_8_speed_157": {
              "target_detection": {
                "Pd": {
                  "@file": "RF_360_Dedrone_loc2_fixed_wing_alt_2_8_speed_157_detection.json"
                },
                "Pfa": "tbd"
              },
              "foe_or_friend": {
                "Pd": {
                  "@file": "RF_360_Dedrone_loc2_fixed_wing_alt_2_8_speed_157_detection.json"
                }
              }
            }
          },
          "long": -77.019482,
          "lat": 38.897446
        },
        {
          "coverage_metrics": {
            "fixed_wing_alt_2_8_speed_157": {
              "target_detection": {
                "Pd": {
                  "@file": "RF_360_Dedrone_loc3_fixed_wing_alt_2_8_speed_157_detection.json"
                },
                "Pfa": "tbd"
              },
              "foe_or_friend": {
                "Pd": {
                  "@file": "RF_360_Dedrone_loc3_fixed_wing_alt_2_8_speed_157_detection.json"
                }
              }
            }
          },
          "long": -77.025404,
          "lat": 38.902188
        }
      ],
      "optional_params": "Sensor parameters for detection model",
      "ppu": 25000,
      "model": "RF-360",
      "detection_period": 0.01,
      "type": "rf",
      "make": "Dedrone"
    },
    "TSensor_Tron_Future": {
      "possible_locs": [
        {
          "coverage_metrics": {
            "fixed_wing_alt_2_8_speed_157": {
              "target_detection": {
                "Pd": {
                  "@file": "TSensor_Tron_Future_loc1_fixed_wing_alt_2_8_speed_157_detection.json"
                },
                "Pfa": "tbd"
              },
              "foe_or_friend": {
                "Pd": {
                  "@file": "TSensor_Tron_Future_loc1_fixed_wing_alt_2_8_speed_157_detection.json"
                }
              }
            }
          },
          "long": -77.029095,
          "lat": 38.896845
        },
        {
          "coverage_metrics": {
            "fixed_wing_alt_2_8_speed_157": {
              "target_detection": {
                "Pd": {
                  "@file": "TSensor_Tron_Future_loc2_fixed_wing_alt_2_8_speed_157_detection.json"
                },
                "Pfa": "tbd"
              },
              "foe_or_friend": {
                "Pd": {
                  "@file": "TSensor_Tron_Future_loc2_fixed_wing_alt_2_8_speed_157_detection.json"
                }
              }
            }
          },
          "long": -77.019482,
          "lat": 38.897446
        },
        {
          "coverage_metrics": {
            "fixed_wing_alt_2_8_speed_157": {
              "target_detection": {
                "Pd": {
                  "@file": "TSensor_Tron_Future_loc3_fixed_wing_alt_2_8_speed_157_detection.json"
                },
                "Pfa": "tbd"
              },
              "foe_or_friend": {
                "Pd": {
                  "@file": "TSensor_Tron_Future_loc3_fixed_wing_alt_2_8_speed_157_detection.json"
                }
              }
            }
          },
          "long": -77.025404,
          "lat": 38.902188
        }
      ],
      "optional_params": "Sensor parameters for detection model",
      "ppu": 28000,
      "model": "T.Sensor",
      "detection_period": 0.01,
      "type": "rf",
      "make": "Tron Future"
    }
  },
  "coverage_areas": {
    "prot_area_1": {
      "area": [
        2,
        4,
        5,
        6,
        8,
        9,
        10
      ]
    }
  },
  "title": "Sensor Detection Analysis",
  "config": {
    "y_length": 4,
    "long_lat_unit": "degree",
    "x_length": 4,
    "sq_side_units": "long_lat_degree",
    "square_side": 0.003,
    "time_unit": "hour",
    "earth_radius": 6371000,
    "binary_classifications": {
      "target_detection": {
        "Pd_TH": 0.8
      },
      "foe_or_friend": {
        "Pd_TH": 0.8
      }
    },
    "distance_unit": "m",
    "south_west_corner": {
      "long": -77.031755,
      "lat": 38.892169
    },
    "target_types": {
      "fixed_wing_alt_2_8_speed_157": {
        "min_altitude": 2800.0,
        "max_velocity": 43.61111111111111
      }
    }
  },
  "area_of_interest": [
    [
      -77.031755,
      38.892169
    ],
    [
      -77.0279002732505,
      38.892169
    ],
    [
      -77.024045546501,
      38.892169
    ],
    [
      -77.031755,
      38.895169
    ],
    [
      -77.0279002732505,
      38.895169
    ],
    [
      -77.024045546501,
      38.895169
    ],
    [
      -77.031755,
      38.898169
    ],
    [
      -77.0279002732505,
      38.898169
    ],
    [
      -77.024045546501,
      38.898169
    ],
    [
      -77.031755,
      38.901169
    ],
    [
      -77.0279002732505,
      38.901169
    ],
    [
      -77.024045546501,
      38.901169
    ]
  ]
}