{
  "sensor_types": [
    "radar"
  ],
  "sensors": {
    "radar1": {
      "possible_locs": [
        {
          "coverage_metrics": {
            "fixed_wing_alt_2_8_speed_158": {
              "target_detection": {
                "Pd": {
                  "@file": "radar1_loc1_fixed_wing_alt_2_8_speed_158_detection.json"
                },
                "Pfa": "tbd"
              },
              "foe_or_friend": {
                "Pd": {
                  "@file": "radar1_loc1_fixed_wing_alt_2_8_speed_158_detection.json"
                }
              }
            }
          },
          "long": -77.029867,
          "lat": 38.898715
        },
        {
          "coverage_metrics": {
            "fixed_wing_alt_2_8_speed_158": {
              "target_detection": {
                "Pd": {
                  "@file": "radar1_loc2_fixed_wing_alt_2_8_speed_158_detection.json"
                },
                "Pfa": "tbd"
              },
              "foe_or_friend": {
                "Pd": {
                  "@file": "radar1_loc2_fixed_wing_alt_2_8_speed_158_detection.json"
                }
              }
            }
          },
          "long": -77.024803,
          "lat": 38.896243
        },
        {
          "coverage_metrics": {
            "fixed_wing_alt_2_8_speed_158": {
              "target_detection": {
                "Pd": {
                  "@file": "radar1_loc3_fixed_wing_alt_2_8_speed_158_detection.json"
                },
                "Pfa": "tbd"
              },
              "foe_or_friend": {
                "Pd": {
                  "@file": "radar1_loc3_fixed_wing_alt_2_8_speed_158_detection.json"
                }
              }
            }
          },
          "long": -77.022743,
          "lat": 38.900251
        }
      ],
      "optional_params": "Sensor parameters for detection model",
      "ppu": 75000,
      "model": "IRIS 3D Drone Radar",
      "detection_period": 0.01,
      "type": "radar",
      "make": "Robin Radar Systems"
    },
    "radar2": {
      "possible_locs": [
        {
          "coverage_metrics": {
            "fixed_wing_alt_2_8_speed_158": {
              "target_detection": {
                "Pd": {
                  "@file": "radar2_loc1_fixed_wing_alt_2_8_speed_158_detection.json"
                },
                "Pfa": "tbd"
              },
              "foe_or_friend": {
                "Pd": {
                  "@file": "radar2_loc1_fixed_wing_alt_2_8_speed_158_detection.json"
                }
              }
            }
          },
          "long": -77.029867,
          "lat": 38.898715
        },
        {
          "coverage_metrics": {
            "fixed_wing_alt_2_8_speed_158": {
              "target_detection": {
                "Pd": {
                  "@file": "radar2_loc2_fixed_wing_alt_2_8_speed_158_detection.json"
                },
                "Pfa": "tbd"
              },
              "foe_or_friend": {
                "Pd": {
                  "@file": "radar2_loc2_fixed_wing_alt_2_8_speed_158_detection.json"
                }
              }
            }
          },
          "long": -77.024803,
          "lat": 38.896243
        },
        {
          "coverage_metrics": {
            "fixed_wing_alt_2_8_speed_158": {
              "target_detection": {
                "Pd": {
                  "@file": "radar2_loc3_fixed_wing_alt_2_8_speed_158_detection.json"
                },
                "Pfa": "tbd"
              },
              "foe_or_friend": {
                "Pd": {
                  "@file": "radar2_loc3_fixed_wing_alt_2_8_speed_158_detection.json"
                }
              }
            }
          },
          "long": -77.022743,
          "lat": 38.900251
        }
      ],
      "optional_params": "Sensor parameters for detection model",
      "ppu": 120000,
      "model": "XENTA-C CUAS Radar",
      "detection_period": 0.01,
      "type": "radar",
      "make": "Weibel"
    },
    "radar3": {
      "possible_locs": [
        {
          "coverage_metrics": {
            "fixed_wing_alt_2_8_speed_158": {
              "target_detection": {
                "Pd": {
                  "@file": "radar3_loc1_fixed_wing_alt_2_8_speed_158_detection.json"
                },
                "Pfa": "tbd"
              },
              "foe_or_friend": {
                "Pd": {
                  "@file": "radar3_loc1_fixed_wing_alt_2_8_speed_158_detection.json"
                }
              }
            }
          },
          "long": -77.029867,
          "lat": 38.898715
        },
        {
          "coverage_metrics": {
            "fixed_wing_alt_2_8_speed_158": {
              "target_detection": {
                "Pd": {
                  "@file": "radar3_loc2_fixed_wing_alt_2_8_speed_158_detection.json"
                },
                "Pfa": "tbd"
              },
              "foe_or_friend": {
                "Pd": {
                  "@file": "radar3_loc2_fixed_wing_alt_2_8_speed_158_detection.json"
                }
              }
            }
          },
          "long": -77.024803,
          "lat": 38.896243
        },
        {
          "coverage_metrics": {
            "fixed_wing_alt_2_8_speed_158": {
              "target_detection": {
                "Pd": {
                  "@file": "radar3_loc3_fixed_wing_alt_2_8_speed_158_detection.json"
                },
                "Pfa": "tbd"
              },
              "foe_or_friend": {
                "Pd": {
                  "@file": "radar3_loc3_fixed_wing_alt_2_8_speed_158_detection.json"
                }
              }
            }
          },
          "long": -77.022743,
          "lat": 38.900251
        }
      ],
      "optional_params": "Sensor parameters for detection model",
      "ppu": 85000,
      "model": "T.Radar ER",
      "detection_period": 0.01,
      "type": "radar",
      "make": "Tron Future"
    }
  },
  "coverage_areas": {
    "default_area": {
      "area": [
        0,
        1,
        2,
        4,
        5,
        6,
        8,
        9,
        10,
        12,
        13,
        14
      ]
    }
  },
  "title": "Sensor Detection Analysis",
  "config": {
    "y_length": 4,
    "long_lat_unit": "degree",
    "x_length": 4,
    "sq_side_units": "long_lat_degree",
    "square_side": 0.003,
    "time_unit": "hour",
    "earth_radius": 6371000,
    "binary_classifications": {
      "target_detection": {
        "fixed_wing_alt_2_8_speed_158": {
          "Pd_TH": 0.8
        }
      },
      "foe_or_friend": {
        "fixed_wing_alt_2_8_speed_158": {
          "Pd_TH": 0.8
        }
      }
    },
    "distance_unit": "m",
    "south_west_corner": {
      "long": -77.031927,
      "lat": 38.892035
    },
    "target_types": {
      "fixed_wing_alt_2_8_speed_158": {
        "min_altitude": 2800.0,
        "max_velocity": 43.888888888888886
      }
    }
  },
  "area_of_interest": [
    [
      38.892035,
      -77.031927
    ],
    [
      38.892035,
      -77.02807230953762
    ],
    [
      38.892035,
      -77.02421761907524
    ],
    [
      38.895035,
      -77.031927
    ],
    [
      38.895035,
      -77.02807230953762
    ],
    [
      38.895035,
      -77.02421761907524
    ],
    [
      38.898035,
      -77.031927
    ],
    [
      38.898035,
      -77.02807230953762
    ],
    [
      38.898035,
      -77.02421761907524
    ],
    [
      38.901035,
      -77.031927
    ],
    [
      38.901035,
      -77.02807230953762
    ],
    [
      38.901035,
      -77.02421761907524
    ]
  ]
}