{
  "sensor_types": [
    "radar"
  ],
  "sensors": {
    "radar1": {
      "possible_locs": [
        {
          "coverage_metrics": {
            "fixed_wing_alt_2_8_speed_161": {
              "target_detection": {
                "Pd": {
                  "@file": "radar1_loc1_fixed_wing_alt_2_8_speed_161_detection.json"
                },
                "Pfa": "tbd"
              },
              "foe_or_friend": {
                "Pd": {
                  "@file": "radar1_loc1_fixed_wing_alt_2_8_speed_161_detection.json"
                }
              }
            }
          },
          "long": -77.020941,
          "lat": 38.897112
        },
        {
          "coverage_metrics": {
            "fixed_wing_alt_2_8_speed_161": {
              "target_detection": {
                "Pd": {
                  "@file": "radar1_loc2_fixed_wing_alt_2_8_speed_161_detection.json"
                },
                "Pfa": "tbd"
              },
              "foe_or_friend": {
                "Pd": {
                  "@file": "radar1_loc2_fixed_wing_alt_2_8_speed_161_detection.json"
                }
              }
            }
          },
          "long": -77.01313,
          "lat": 38.897179
        }
      ],
      "optional_params": "Sensor parameters for detection model",
      "ppu": 75000,
      "model": "IRIS 3D Drone Radar",
      "detection_period": 0.01,
      "type": "radar",
      "make": "Robin Radar Systems"
    },
    "radar2": {
      "possible_locs": [
        {
          "coverage_metrics": {
            "fixed_wing_alt_2_8_speed_161": {
              "target_detection": {
                "Pd": {
                  "@file": "radar2_loc1_fixed_wing_alt_2_8_speed_161_detection.json"
                },
                "Pfa": "tbd"
              },
              "foe_or_friend": {
                "Pd": {
                  "@file": "radar2_loc1_fixed_wing_alt_2_8_speed_161_detection.json"
                }
              }
            }
          },
          "long": -77.020941,
          "lat": 38.897112
        },
        {
          "coverage_metrics": {
            "fixed_wing_alt_2_8_speed_161": {
              "target_detection": {
                "Pd": {
                  "@file": "radar2_loc2_fixed_wing_alt_2_8_speed_161_detection.json"
                },
                "Pfa": "tbd"
              },
              "foe_or_friend": {
                "Pd": {
                  "@file": "radar2_loc2_fixed_wing_alt_2_8_speed_161_detection.json"
                }
              }
            }
          },
          "long": -77.01313,
          "lat": 38.897179
        }
      ],
      "optional_params": "Sensor parameters for detection model",
      "ppu": 120000,
      "model": "XENTA-C CUAS Radar",
      "detection_period": 0.01,
      "type": "radar",
      "make": "Weibel"
    },
    "radar3": {
      "possible_locs": [
        {
          "coverage_metrics": {
            "fixed_wing_alt_2_8_speed_161": {
              "target_detection": {
                "Pd": {
                  "@file": "radar3_loc1_fixed_wing_alt_2_8_speed_161_detection.json"
                },
                "Pfa": "tbd"
              },
              "foe_or_friend": {
                "Pd": {
                  "@file": "radar3_loc1_fixed_wing_alt_2_8_speed_161_detection.json"
                }
              }
            }
          },
          "long": -77.020941,
          "lat": 38.897112
        },
        {
          "coverage_metrics": {
            "fixed_wing_alt_2_8_speed_161": {
              "target_detection": {
                "Pd": {
                  "@file": "radar3_loc2_fixed_wing_alt_2_8_speed_161_detection.json"
                },
                "Pfa": "tbd"
              },
              "foe_or_friend": {
                "Pd": {
                  "@file": "radar3_loc2_fixed_wing_alt_2_8_speed_161_detection.json"
                }
              }
            }
          },
          "long": -77.01313,
          "lat": 38.897179
        }
      ],
      "optional_params": "Sensor parameters for detection model",
      "ppu": 85000,
      "model": "T.Radar ER",
      "detection_period": 0.01,
      "type": "radar",
      "make": "Tron Future"
    }
  },
  "coverage_areas": {
    "protected_area_1": {
      "area": [
        8,
        15
      ]
    }
  },
  "title": "Sensor Detection Analysis",
  "config": {
    "y_length": 4,
    "long_lat_unit": "degree",
    "x_length": 7,
    "sq_side_units": "long_lat_degree",
    "square_side": 0.003,
    "time_unit": "hour",
    "earth_radius": 6371000,
    "binary_classifications": {
      "target_detection": {
        "Pd_TH": 0.8
      },
      "foe_or_friend": {
        "Pd_TH": 0.8
      }
    },
    "distance_unit": "m",
    "south_west_corner": {
      "long": -77.031927,
      "lat": 38.892102
    },
    "target_types": {
      "fixed_wing_alt_2_8_speed_161": {
        "min_altitude": 2800.0,
        "max_velocity": 44.72222222222222
      }
    }
  },
  "area_of_interest": [
    [
      -77.031927,
      38.892102
    ],
    [
      -77.02807230953762,
      38.892102
    ],
    [
      -77.02421761907524,
      38.892102
    ],
    [
      -77.02036292861287,
      38.892102
    ],
    [
      -77.0165082381505,
      38.892102
    ],
    [
      -77.01265354768812,
      38.892102
    ],
    [
      -77.00879885722574,
      38.892102
    ],
    [
      -77.031927,
      38.895102
    ],
    [
      -77.02807230953762,
      38.895102
    ],
    [
      -77.02421761907524,
      38.895102
    ],
    [
      -77.02036292861287,
      38.895102
    ],
    [
      -77.0165082381505,
      38.895102
    ],
    [
      -77.01265354768812,
      38.895102
    ],
    [
      -77.00879885722574,
      38.895102
    ],
    [
      -77.031927,
      38.898102
    ],
    [
      -77.02807230953762,
      38.898102
    ],
    [
      -77.02421761907524,
      38.898102
    ],
    [
      -77.02036292861287,
      38.898102
    ],
    [
      -77.0165082381505,
      38.898102
    ],
    [
      -77.01265354768812,
      38.898102
    ],
    [
      -77.00879885722574,
      38.898102
    ]
  ]
}