{
  "sensor_types": [
    "radar"
  ],
  "sensors": {
    "radar1": {
      "possible_locs": [
        {
          "coverage_metrics": {
            "fixed_wing_alt_2_2_speed_156": {
              "target_detection": {
                "Pd": {
                  "@file": "radar1_loc1_fixed_wing_alt_2_2_speed_156_detection.json"
                },
                "Pfa": "tbd"
              },
              "foe_or_friend": {
                "Pd": {
                  "@file": "radar1_loc1_fixed_wing_alt_2_2_speed_156_detection.json"
                }
              }
            }
          },
          "long": -77.027292,
          "lat": 38.899383
        }
      ],
      "optional_params": "Sensor parameters for detection model",
      "ppu": 75000,
      "model": "IRIS 3D Drone Radar",
      "detection_period": 0.01,
      "type": "radar",
      "make": "Robin Radar Systems"
    }
  },
  "coverage_areas": {
    "protected-area-1": {
      "area": [
        13,
        19
      ]
    }
  },
  "title": "Sensor Detection Analysis",
  "config": {
    "y_length": 5,
    "long_lat_unit": "degree",
    "x_length": 6,
    "sq_side_units": "long_lat_degree",
    "square_side": 0.004,
    "time_unit": "hour",
    "earth_radius": 6371000,
    "binary_classifications": {
      "target_detection": {
        "Pd_TH": 0.8
      },
      "foe_or_friend": {
        "Pd_TH": 0.8
      }
    },
    "distance_unit": "m",
    "south_west_corner": {
      "long": -77.032099,
      "lat": 38.891968
    },
    "target_types": {
      "fixed_wing_alt_2_2_speed_156": {
        "min_altitude": 2200.0,
        "max_velocity": 43.333333333333336
      }
    }
  },
  "area_of_interest": [
    [
      -77.032099,
      38.891968
    ],
    [
      -77.02695911056007,
      38.891968
    ],
    [
      -77.02181922112014,
      38.891968
    ],
    [
      -77.01667933168022,
      38.891968
    ],
    [
      -77.01153944224029,
      38.891968
    ],
    [
      -77.032099,
      38.895967999999996
    ],
    [
      -77.02695911056007,
      38.895967999999996
    ],
    [
      -77.02181922112014,
      38.895967999999996
    ],
    [
      -77.01667933168022,
      38.895967999999996
    ],
    [
      -77.01153944224029,
      38.895967999999996
    ],
    [
      -77.032099,
      38.899968
    ],
    [
      -77.02695911056007,
      38.899968
    ],
    [
      -77.02181922112014,
      38.899968
    ],
    [
      -77.01667933168022,
      38.899968
    ],
    [
      -77.01153944224029,
      38.899968
    ],
    [
      -77.032099,
      38.903968
    ],
    [
      -77.02695911056007,
      38.903968
    ],
    [
      -77.02181922112014,
      38.903968
    ],
    [
      -77.01667933168022,
      38.903968
    ],
    [
      -77.01153944224029,
      38.903968
    ],
    [
      -77.032099,
      38.907968
    ],
    [
      -77.02695911056007,
      38.907968
    ],
    [
      -77.02181922112014,
      38.907968
    ],
    [
      -77.01667933168022,
      38.907968
    ],
    [
      -77.01153944224029,
      38.907968
    ]
  ]
}