{
  "sensor_types": [
    "radar"
  ],
  "sensors": {
    "IRIS_3D_Drone_Radar_Robin_Radar_Systems": {
      "possible_locs": [
        {
          "coverage_metrics": {
            "fixed_wing_alt_2_6_speed_162": {
              "target_detection": {
                "Pd": {
                  "@file": "IRIS_3D_Drone_Radar_Robin_Radar_Systems_loc1_fixed_wing_alt_2_6_speed_162_detection.json"
                },
                "Pfa": "tbd"
              },
              "foe_or_friend": {
                "Pd": {
                  "@file": "IRIS_3D_Drone_Radar_Robin_Radar_Systems_loc1_fixed_wing_alt_2_6_speed_162_detection.json"
                }
              }
            }
          },
          "long": -77.028236,
          "lat": 38.896377
        }
      ],
      "optional_params": "Sensor parameters for detection model",
      "ppu": 75000,
      "model": "IRIS 3D Drone Radar",
      "detection_period": 0.01,
      "type": "radar",
      "make": "Robin Radar Systems"
    }
  },
  "coverage_areas": {
    "protected_area_1": {
      "area": [
        6,
        10
      ]
    }
  },
  "title": "Sensor Detection Analysis",
  "config": {
    "y_length": 4,
    "long_lat_unit": "degree",
    "x_length": 4,
    "sq_side_units": "long_lat_degree",
    "square_side": 0.003,
    "time_unit": "hour",
    "earth_radius": 6371000,
    "binary_classifications": {
      "target_detection": {
        "Pd_TH": 0.8
      },
      "foe_or_friend": {
        "Pd_TH": 0.8
      }
    },
    "distance_unit": "m",
    "south_west_corner": {
      "long": -77.031841,
      "lat": 38.891834
    },
    "target_types": {
      "fixed_wing_alt_2_6_speed_162": {
        "min_altitude": 2600.0,
        "max_velocity": 45.0
      }
    }
  },
  "area_of_interest": [
    [
      -77.031841,
      38.891834
    ],
    [
      -77.02798629868147,
      38.891834
    ],
    [
      -77.02413159736294,
      38.891834
    ],
    [
      -77.031841,
      38.894834
    ],
    [
      -77.02798629868147,
      38.894834
    ],
    [
      -77.02413159736294,
      38.894834
    ],
    [
      -77.031841,
      38.897834
    ],
    [
      -77.02798629868147,
      38.897834
    ],
    [
      -77.02413159736294,
      38.897834
    ],
    [
      -77.031841,
      38.900834
    ],
    [
      -77.02798629868147,
      38.900834
    ],
    [
      -77.02413159736294,
      38.900834
    ]
  ]
}