{
  "sensor_types": [
    "radar"
  ],
  "sensors": {
    "radar1": {
      "possible_locs": [
        {
          "coverage_metrics": {
            "fixed_wing_alt_2_8_speed_154": {
              "target_detection": {
                "Pd": {
                  "@file": "radar1_loc1_fixed_wing_alt_2_8_speed_154_detection.json"
                },
                "Pfa": "tbd"
              },
              "foe_or_friend": {
                "Pd": {
                  "@file": "radar1_loc1_fixed_wing_alt_2_8_speed_154_detection.json"
                }
              }
            }
          },
          "long": -77.029266,
          "lat": 38.897713
        }
      ],
      "optional_params": "Sensor parameters for detection model",
      "ppu": 75000,
      "model": "IRIS 3D Drone Radar",
      "detection_period": 0.01,
      "type": "radar",
      "make": "Robin Radar Systems"
    }
  },
  "coverage_areas": {
    "default_area": {
      "area": [
        0,
        1,
        2,
        3,
        4,
        6,
        7,
        8,
        9,
        10,
        12,
        13,
        14,
        15,
        16
      ]
    }
  },
  "title": "Sensor Detection Analysis",
  "config": {
    "y_length": 3,
    "long_lat_unit": "degree",
    "x_length": 6,
    "sq_side_units": "long_lat_degree",
    "square_side": 0.004,
    "time_unit": "hour",
    "earth_radius": 6371000,
    "binary_classifications": {
      "target_detection": {
        "fixed_wing_alt_2_8_speed_154": {
          "Pd_TH": 0.8
        }
      },
      "foe_or_friend": {
        "fixed_wing_alt_2_8_speed_154": {
          "Pd_TH": 0.8
        }
      }
    },
    "distance_unit": "m",
    "south_west_corner": {
      "long": -77.032528,
      "lat": 38.891834
    },
    "target_types": {
      "fixed_wing_alt_2_8_speed_154": {
        "min_altitude": 2800.0,
        "max_velocity": 42.77777777777778
      }
    }
  },
  "area_of_interest": [
    [
      38.891834,
      -77.032528
    ],
    [
      38.891834,
      -77.02738841756589
    ],
    [
      38.891834,
      -77.02224883513176
    ],
    [
      38.891834,
      -77.01710925269765
    ],
    [
      38.891834,
      -77.01196967026354
    ],
    [
      38.895834,
      -77.032528
    ],
    [
      38.895834,
      -77.02738841756589
    ],
    [
      38.895834,
      -77.02224883513176
    ],
    [
      38.895834,
      -77.01710925269765
    ],
    [
      38.895834,
      -77.01196967026354
    ],
    [
      38.899834000000006,
      -77.032528
    ],
    [
      38.899834000000006,
      -77.02738841756589
    ],
    [
      38.899834000000006,
      -77.02224883513176
    ],
    [
      38.899834000000006,
      -77.01710925269765
    ],
    [
      38.899834000000006,
      -77.01196967026354
    ]
  ]
}